"","logFC","AveExpr","t","P.Value","adj.P.Val","B"
"M14656_at",5.16022492459991,7.26459150598434,17.6389972020951,3.66593148785888e-09,1.07521770538901e-05,11.482007337203
"U65217_i_at",4.06620701179096,8.05002793436026,5.34558645848499,0.000272557637296508,0.00431337167369059,0.436294641312523
"rc_AI228025_s_at",-3.16481800862957,7.88942800187298,-8.03984490183218,8.15860250654167e-06,0.000379828272248996,4.05142438355264
"X15512_at",3.12392318291228,7.61855695440221,15.7656381733218,1.1499968499776e-08,1.12431358699476e-05,10.4619251259972
"rc_AI233219_at",-3.00694810959958,6.33417127372904,-16.5554847743545,6.99817763974194e-09,1.12431358699476e-05,10.9099522217437
"AF015304_at",-2.94045445080283,8.36001648801629,-19.2302581256619,1.51321112839635e-09,6.65737235937974e-06,12.242647755437
"rc_AI639246_at",-2.93985178849732,7.6029783067038,-11.5780628179604,2.52066343426063e-07,5.2826790292623e-05,7.53905414597362
"rc_AA874803_g_at",-2.86479978236631,8.17968833192351,-19.536875136365,1.28625702670541e-09,6.65737235937974e-06,12.3793552814816
"rc_AI176456_at",2.84964530757907,9.09189954226767,9.6287961287731,1.50576872666839e-06,0.000120447809326865,5.76482500193686
"X73371_at",2.81938196260938,7.93949560117688,15.8755853464213,1.07170813181926e-08,1.12431358699476e-05,10.5259552544123
"E05551cds_s_at",-2.7052785485993,7.7690105050963,-13.2419768125582,6.66046414002664e-08,3.08449599832076e-05,8.82507877641923
"AJ132352_at",-2.70114432492453,10.0308401411801,-10.4824132253438,6.65170081481622e-07,9.00435622608737e-05,6.58161906337441
"Z46614cds_at",-2.68504280821594,10.1933595499861,-10.3231948088477,7.71345536697528e-07,9.05961364746016e-05,6.43423481203073
"rc_AA946503_at",2.67863987955928,10.4792120942176,9.66960319833604,1.44616547385453e-06,0.000117822314855982,5.80540471078591
"M86835_at",-2.64448726851027,7.09854634922943,-11.618359983633,2.43600905799256e-07,5.2826790292623e-05,7.57247936217887
"M84719_at",-2.63905252061901,8.47904710434057,-10.228351670039,8.43249285992497e-07,9.30004629135871e-05,6.34538697387856
"J00692_at",2.62385830861729,6.55838295427093,5.72786521580378,0.000156359199355935,0.00290535656134138,1.01080371595901
"rc_AA899854_at",2.52260273962631,7.08894764202615,15.9737646414626,1.00669822726847e-08,1.12431358699476e-05,10.5826678074777
"L07114_at",2.51665524777398,7.01329662047076,11.890415083641,1.93942004923077e-07,5.2826790292623e-05,7.79501331177828
"rc_AI102562_at",2.46330425413125,9.43284782804036,13.7212116191105,4.66689875263199e-08,2.74650459430335e-05,9.16258862085074
"L36664_s_at",-2.44561831861617,9.46795449963599,-10.4347492746464,6.95184720872352e-07,9.05961364746016e-05,6.53772832908793
"rc_AI639294_at",-2.39288568970253,9.37943046140941,-14.5778651879058,2.53900562343337e-08,2.03097368005365e-05,9.73336291451008
"M32167_g_at",-2.36355941490887,7.69900482841933,-9.06463442327328,2.67068630096756e-06,0.000179384494368043,5.18702444907241
"S76779_s_at",2.3427629547764,12.007846866967,16.4741857134748,7.35768596296911e-09,1.12431358699476e-05,10.8650927817814
"D12524_at",-2.34032501366166,5.97236677616002,-9.8033940148934,1.26803280074004e-06,0.00011057303432983,5.93733827147865
"rc_AA818970_s_at",-2.28713835061467,6.31014527014118,-8.77322155885866,3.63105567489553e-06,0.000221872631134762,4.8758145535875
"rc_AA800790_at",-2.27862185621965,7.09037459414424,-9.96402953680042,1.08499073840177e-06,0.000103555762023846,6.09352559511565
"S65355_g_at",-2.27420342158829,6.69630096871602,-7.37357517539286,1.78799918912297e-05,0.000646662669321953,3.24755791422382
"rc_AI639107_at",2.26313244369055,8.11671348550508,16.1629413357885,8.93237435307877e-09,1.12431358699476e-05,10.6907263155637
"U67136_at",-2.25607440111392,6.86403956408558,-9.92152699761022,1.13045198198114e-06,0.000103612989473459,6.05243291282222
"Y12009_at",2.24959238007189,6.4315985400889,11.3986257149962,2.93849257944053e-07,5.38662420968692e-05,7.3887356923551
"rc_AI180288_s_at",-2.24833476486431,6.01869664115867,-7.45862626744098,1.61311716276106e-05,0.000611802496342006,3.35324327009352
"M11794cds#2_f_at",2.24759438474233,9.80774055792556,12.4258053892035,1.25453503323185e-07,4.10814305949785e-05,8.2175870886074
"X51529_at",2.24526347574583,8.24423669670948,8.2270420307414,6.60128882931998e-06,0.000325220228022425,4.26766081067528
"AF037272_at",-2.22913229675191,9.03843885294708,-13.9259385693432,4.02267739344999e-08,2.7227337219205e-05,9.30269061977184
"L27487_at",-2.21839266549008,9.16718663945448,-8.66213563464809,4.0907436273329e-06,0.00023837386209869,4.75479712695054
"rc_AA850734_at",-2.1768929114567,9.48527634236389,-9.33471120673592,2.02292367624387e-06,0.000148431088816208,5.46759348398917
"X17053mRNA_s_at",2.17488332112319,6.98284407276093,9.54842519074083,1.6311050374693e-06,0.000126338541446757,5.6844331016267
"L20913_s_at",-2.16449684430799,9.03309025266189,-11.5776415403231,2.52156516909895e-07,5.2826790292623e-05,7.53870407005501
"rc_AI227608_s_at",-2.16002982662449,7.71830602741626,-12.1220601075372,1.60293903614168e-07,4.54976147710021e-05,7.98029500416596
"U27201_at",-2.15975818090324,9.01836769443204,-7.09700097582306,2.51346648645474e-05,0.000822155822093503,2.89744488557327
"rc_AI233225_at",-2.15031082408858,7.30968740922583,-7.55036355277668,1.44495483717237e-05,0.000570141596963215,3.46621048107983
"U66298_at",-2.12626086208902,7.95510032814619,-10.4152179543979,7.0790622592948e-07,9.05961364746016e-05,6.51968649408451
"rc_AI104567_g_at",-2.11860082710387,5.62400514458311,-9.05212108380581,2.70571199164182e-06,0.000180034524670775,5.17384403538607
"AF009329_at",2.10737307281371,7.3623700235948,9.24737490104901,2.21148656554162e-06,0.000160817109836369,5.37767393223906
"D63665_at",2.08300498495543,7.41046284085923,11.4787008938005,2.74339480760918e-07,5.38662420968692e-05,7.45611708217276
"rc_AI639501_s_at",-2.07397542588965,8.40856435670051,-8.83713580667494,3.39217374970141e-06,0.000213892540316537,4.94484047327005
"rc_AA893662_at",2.07322994111979,6.59936945580384,8.04366804346911,8.12308836341095e-06,0.000379828272248996,4.0558816596527
"rc_AA849036_at",-2.07258976001597,8.20146010000656,-10.7557009863256,5.18117787803987e-07,7.86020416359876e-05,6.82954036487001
"rc_AA800722_at",-2.06451469347944,8.77132282212679,-10.3481527326871,7.53550886981379e-07,9.05961364746016e-05,6.45748351709464
"rc_AA900769_s_at",-2.06279147965598,9.00475715643924,-9.65975676075496,1.46030913581394e-06,0.000117883120055292,5.79562773491353
"rc_AI639227_at",2.05607740549176,10.5294319707374,11.8209610445417,2.05474912108224e-07,5.2826790292623e-05,7.73871432181708
"U52663mRNA#3_s_at",-2.04853735176111,8.4651271504257,-5.75689109561214,0.000150024982073306,0.00282066200269877,1.05355980990235
"X16262_s_at",-2.03893355538429,7.3979093010235,-11.6736396905368,2.32487363128276e-07,5.2826790292623e-05,7.61813593064537
"L36088_at",-2.03891448262335,9.03923615949444,-13.3612648665242,6.08960662570713e-08,3.08449599832076e-05,8.91036848758953
"M64711_at",-2.02500003305699,7.47594448466901,-9.94595074968868,1.10408072086142e-06,0.000103555762023846,6.07606685648016
"rc_AA942685_at",-2.02139202290705,7.64538975929196,-10.6625421083337,5.63834378430758e-07,8.26863115968707e-05,6.74573547713851
"X71127_at",2.01690705027996,9.32264784128344,12.8429978968327,9.03612368182906e-08,3.45690662071365e-05,8.53343801261183
"X57764_s_at",-2.01538741628825,7.01937174810223,-8.94473620450021,3.02759873409495e-06,0.000198804785532101,5.06006444112787
"rc_AA998164_s_at",2.00198103917846,4.65180875993778,10.0196152086698,1.02850663389635e-06,0.00010283897581425,6.14701689338556
"U17919_s_at",2.00078412156056,7.12013063877206,12.9835264043109,8.10787267140132e-08,3.39719864931715e-05,8.63729637804148
"M24067_at",1.99768094303141,7.37039451131321,12.6158499478877,1.07907465637529e-07,3.79791116057847e-05,8.36288363345714
"U90121_at",-1.99170092212947,8.11837590962996,-10.2254576358477,8.45554839537103e-07,9.30004629135871e-05,6.34266336758656
"U75404UTR#1_s_at",-1.99076385163733,9.22820963088328,-10.0618271381239,9.8774660972061e-07,9.98986484934673e-05,6.18744981603593
"D89730_g_at",-1.98257602769545,5.9890837491718,-6.20088568166608,8.08578097103052e-05,0.00181496905010453,1.69242692922424
"rc_AA874803_at",-1.97982216253749,7.85937526925029,-13.2972755870556,6.38889115954191e-08,3.08449599832076e-05,8.86472397193887
"X71127_g_at",1.97913261545364,8.77964127848347,11.7887929450795,2.11067585567733e-07,5.2826790292623e-05,7.71252083217605
"X98517_at",1.9784806838217,5.24504576686877,6.46521146586563,5.66742250112538e-05,0.00140869069455938,2.05941136581307
"U03734_at",-1.9761499041331,10.5403054673905,-12.1441611119033,1.57432365609806e-07,4.54976147710021e-05,7.99777512033467
"Z29649_at",-1.96820821591219,8.5049290901043,-12.2938227163312,1.39458748373065e-07,4.32719085626375e-05,8.11525539977759
"AF071204_g_at",-1.96250362846564,5.55893622954475,-6.6445345549721,4.47649388568334e-05,0.00120824140184441,2.30281133388783
"X60767mRNA_s_at",1.96075879953879,5.84445835543674,10.2954420804966,7.91670569389014e-07,9.05961364746016e-05,6.40831852413147
"AF001898_at",-1.95278810271501,10.3412046698659,-10.6181609713259,5.87140390242853e-07,8.33265853830139e-05,6.70555492477915
"U23146cds_s_at",-1.94748491979068,7.10887027320145,-10.2939142243365,7.92806285776148e-07,9.05961364746016e-05,6.40688980126736
"X06801cds_i_at",-1.94675966683435,8.49831081373459,-8.76341164529213,3.66930672121053e-06,0.000222663654068493,4.86518128516499
"D10666_at",-1.94426375040804,5.74815059584006,-11.1164833282539,3.75586994868586e-07,6.60957993569738e-05,7.14738191563087
"X04979_at",1.93519672354425,12.6825993702786,13.3652670842009,6.07140230416913e-08,3.08449599832076e-05,8.91321512944207
"D00680_at",-1.93464602247341,10.3068960300297,-9.96954885722123,1.07923434889184e-06,0.000103555762023846,6.09884962779972
"rc_AA799497_at",-1.9332155228589,8.63717287765306,-14.6815679180804,2.36388611013242e-08,2.03097368005365e-05,9.79977794333112
"D89730_at",-1.92437737681954,8.94754324477771,-8.644092123017,4.17118718889975e-06,0.000241462342599532,4.7350138956881
"rc_AA893717_at",1.9240188424739,6.92432294177891,10.8445886403848,4.78232952620063e-07,7.41936507412757e-05,6.90883168152227
"X12459_at",1.92044963790554,9.05815624824563,10.8390291347131,4.80627127202263e-07,7.41936507412757e-05,6.90389145246566
"M28671_at",1.90794397955457,8.11135812218797,4.66156098444175,0.000775901897652802,0.00911503444251936,-0.643794225724638
"AF087943_s_at",1.90640679301735,9.19901847146151,10.2969050730386,7.90584725087968e-07,9.05961364746016e-05,6.40968639934743
"rc_AI639162_at",-1.90606990802299,7.77893930100319,-10.598291189485,5.97912220089797e-07,8.35084067392083e-05,6.68751193938731
"rc_AA945907_at",-1.90180292009244,6.22755684476471,-12.9870000762071,8.08628505760352e-08,3.39719864931715e-05,8.63984780267126
"M29853_at",-1.89531930764941,9.39680536880281,-7.82279589915917,1.04782297387601e-05,0.000451950703290931,3.7955186223981
"D00636cds_s_at",-1.8768841853063,8.89035462920501,-7.78224194532089,1.09859518114916e-05,0.000459201578330061,3.74707563937553
"M91599mRNA_g_at",-1.86891634497473,7.00502575205578,-13.7167679789842,4.6820739759689e-08,2.74650459430335e-05,9.15952108697138
"AB004276_s_at",-1.8546431978078,6.69089141778838,-8.07517187156302,7.83672524764618e-06,0.000370727663731391,4.09254534509941
"M36151cds_s_at",1.8488192691516,11.2681086439934,12.8669336313365,8.8701647474311e-08,3.45690662071365e-05,8.551216485493
"rc_AA800797_at",-1.84010656276858,9.81463589920271,-12.4197676801506,1.26059623373613e-07,4.10814305949785e-05,8.21293151178388
"rc_AA799497_g_at",-1.83944997942407,8.05000979606394,-13.9660436557083,3.90821063089096e-08,2.7227337219205e-05,9.32985773018155
"M29866_s_at",1.83930427572325,9.30741314373442,11.0708503232918,3.90991253012986e-07,6.74574908874758e-05,7.10775962340949
"rc_AI010453_at",-1.83864547977736,7.72162193776354,-11.6465612488224,2.37860721005801e-07,5.2826790292623e-05,7.59579960208583
"rc_AA799423_at",-1.83555869101309,6.33370883431154,-8.58074179192875,4.46747411631514e-06,0.000255255225645824,4.66527302387903
"X52477_at",1.83087086010604,8.79620081452538,12.6887636919807,1.0190116849584e-07,3.73595158997873e-05,8.41799609652034
"U10894_s_at",1.82822666848366,7.97534821779614,10.1251273219398,9.29874933675916e-07,9.74043993025522e-05,6.24777935274847
"M18331_at",-1.82099264742879,5.79666226183285,-7.86361988341844,9.9926331913496e-06,0.000441239802142373,3.8440827194111
"U76032_s_at",-1.8193304006154,7.09654361384171,-7.27178725419345,2.02462713472709e-05,0.000695886490564987,3.11985873653144
"S77492_i_at",-1.81929426743354,6.19093760949734,-8.89580307691208,3.18783958102676e-06,0.000207776299803366,5.00781630402911
"J02722cds_at",1.8056862253098,7.11677061171897,10.1012957561935,9.51218679942518e-07,9.84679195860496e-05,6.22510869418151
"AA686870_i_at",-1.79189849815188,5.75561015924397,-6.8860373833181,3.27925176691152e-05,0.000965021280837943,2.62362779104532
"S68245_at",-1.78613721598735,7.85222819708664,-10.6200851095109,5.86108529986648e-07,8.33265853830139e-05,6.70730038905301
"E03229cds_s_at",-1.78207560822353,7.56460024531042,-7.96322704274706,8.9068973057729e-06,0.000406071447634693,3.96173315122769
"rc_AA894092_at",-1.77579155474095,8.44755411475857,-7.42840293793639,1.67305137471254e-05,0.000625891525871022,3.31579282127925
"U93306_at",-1.77078886302569,7.22548682973392,-5.8025333586251,0.000140612945841226,0.00266649420357101,1.12054552117136
"X65296cds_s_at",-1.7662494003414,9.81036686415226,-8.74992480709254,3.72260920363587e-06,0.000224350947827342,4.85054556995738
"rc_AA800708_at",-1.74847705875852,7.42103911459429,-10.8442470506128,4.78379682143606e-07,7.41936507412757e-05,6.90852821473153
"rc_AA893235_at",-1.73888807267661,7.8188920486491,-9.5449068956163,1.6368443828765e-06,0.000126338541446757,5.68089960525047
"rc_AA860039_s_at",1.72659414803353,4.82991220142302,8.29392275062438,6.12556031201702e-06,0.000311276056827,4.34393159655064
"M58716_at",1.72386604166617,4.82327657649684,5.01494637097952,0.000448192522505552,0.00603927412791172,-0.0775988238059995
"rc_AA892259_at",1.71464637382174,8.57767891234262,11.6130655001231,2.44695277933533e-07,5.2826790292623e-05,7.56809465555157
"X16273cds_at",-1.70120803032266,6.35041240312459,-8.78545999732136,3.5839397290331e-06,0.000220719820791624,4.88906567118115
"U31598_s_at",1.7001622600949,9.97867237465496,11.6596915002576,2.35238508301758e-07,5.2826790292623e-05,7.60663718712476
"rc_AA924925_at",-1.70007832625993,8.41028047727445,-8.44118835208653,5.20374415296551e-06,0.000280906409827874,4.51007616635128
"Z24721_at",-1.69232697868482,8.59480849287747,-10.4054175333133,7.14384740694604e-07,9.05961364746016e-05,6.51062101222414
"M91599mRNA_at",-1.68979123122887,7.59048066677512,-12.2660563381231,1.42616814219399e-07,4.32719085626375e-05,8.09357604229651
"M98820_at",1.68584228410768,6.81664155389115,7.4256060192619,1.67871803734017e-05,0.000625891525871022,3.31232123160166
"rc_AA892986_at",-1.68532482070887,8.50975567909242,-8.43193224965128,5.2570239332999e-06,0.000282052156031133,4.49970562620271
"U44750_at",-1.68472675582555,5.80891374216236,-9.8024353179911,1.26922110095612e-06,0.00011057303432983,5.93639889818913
"rc_AI171966_at",1.68443315353421,10.6625412069591,11.4089493227304,2.91251282387514e-07,5.38662420968692e-05,7.39745016915962
"AF056333_s_at",-1.6797629004459,5.86334527671049,-9.94063425127105,1.10976374931282e-06,0.000103555762023846,6.07092696912989
"rc_AI639238_at",-1.67124233379071,7.45114533322217,-9.75279135087487,1.3324378077205e-06,0.000111658288286978,5.8876373336759
"D26393exon_s_at",1.66749045544571,6.95845352241186,9.90775689094849,1.14562097934709e-06,0.000103920814404897,6.03908379554451
"L26292_g_at",-1.66731912526236,7.78075595208701,-6.60241481592899,4.72976554090821e-05,0.00125614043023368,2.2460413761426
"rc_AI013472_at",-1.66506706236836,8.8129630562889,-6.0163665006535,0.000104198828408431,0.00215894098370863,1.43036312375116
"L03201_at",1.66168383922129,10.7894544608852,10.1444407979051,9.12959108762186e-07,9.67846650361262e-05,6.26611449295369
"rc_AA894004_at",1.6610497920484,9.39276603852169,10.5746580435311,6.11004738628323e-07,8.40036046123534e-05,6.66600806601408
"rc_AA893770_at",-1.65367899071283,8.90458904646856,-11.2077251855231,3.46728900207974e-07,6.22626039373461e-05,7.22611199955589
"rc_AI638974_at",-1.64645618772753,7.66098311390585,-10.7058283049267,5.42069037290919e-07,8.08417874427592e-05,6.78476543235445
"AF022136_at",-1.63736724686835,9.16166675973871,-10.388292003132,7.25860657342463e-07,9.05961364746016e-05,6.49475971709195
"U31599_g_at",1.63405755411928,9.61083807293284,11.549868709615,2.58179373641788e-07,5.28307048528859e-05,7.51559595304446
"rc_AA892750_at",1.62828442462506,5.25461831382522,11.7312286485149,2.21493587848715e-07,5.2826790292623e-05,7.66545993275806
"rc_AI179610_at",1.62392812093214,8.90285134226613,9.17388172339952,2.38496163339253e-06,0.000170511761272918,5.30141017702631
"L26292_at",-1.62354015499727,8.66778190361195,-6.83306211111313,3.5087457078556e-05,0.00101224437650562,2.55393309595957
"D31962UTR#1_at",-1.62121179407757,5.77624326175566,-8.35808254397989,5.70387987200155e-06,0.000296811130026186,4.41661863165197
"D89093_at",-1.61744519562465,6.79013342802924,-6.26074556797067,7.45449921945912e-05,0.00172754602968618,1.77639986278528
"S55427_s_at",-1.61732373769269,10.361200658268,-9.3340468969736,2.02429033503182e-06,0.000148431088816208,5.46691241188901
"rc_AA859581_at",-1.61406096059783,7.85780197911892,-10.3414147917441,7.58310571827093e-07,9.05961364746016e-05,6.45121239249657
"X58830_at",-1.6139830265189,8.83756579611613,-11.4070108844767,2.91737185871027e-07,5.38662420968692e-05,7.39581449384363
"U17035_s_at",1.6130925597731,6.08502601829692,7.98500811928974,8.68689735266857e-06,0.000399143668383458,3.98730165356963
"U26310_at",-1.60735087013318,8.53213838744921,-6.70962932418006,4.11331437890599e-05,0.00113814632767276,2.39006750800334
"U77697_at",-1.6058139133075,8.88470138480277,-6.48587633231193,5.51426580808845e-05,0.00138628642415344,2.0876881559801
"rc_AA800036_at",-1.60140261918232,7.4191367028375,-8.51319167332438,4.80870021203895e-06,0.00026779590611222,4.59042126327517
"Z49761_at",1.59473724900787,8.97166032373761,10.3153114251357,7.77060754083275e-07,9.05961364746016e-05,6.42687996557747
"rc_AA866452_s_at",-1.5910249331924,6.72052080228812,-9.86679680759031,1.19206362617987e-06,0.000105949170169259,5.99927201717906
"AF087944mRNA_s_at",1.58356873623131,8.60855594026333,8.11000414778707,7.53275857394333e-06,0.000364179904901799,4.13294682945167
"U78517_at",-1.58351779150133,3.45173266708096,-6.66940095098687,4.33384397026096e-05,0.00117363358368615,2.33621212636999
"U59801_at",1.5790932122672,5.00930329956127,5.97863699931311,0.000109807249197542,0.00225177562074634,1.37617672178674
"rc_AI237731_s_at",-1.57646122226857,8.94258709333865,-6.818605554073,3.57433321549598e-05,0.00102444814212212,2.53484806197691
"M33648_g_at",-1.56467821038399,7.75222622605863,-6.06415219032198,9.75319995392204e-05,0.00208803908502579,1.49869850054541
"rc_AA875316_at",-1.56112373510209,7.3093644547625,-7.76817544962888,1.11682165885479e-05,0.000459201578330061,3.73022599598324
"L07315_at",-1.56102345904675,7.67492596834232,-9.04661351766108,2.72128557577146e-06,0.000180034524670775,5.16803772328498
"L04672_s_at",-1.55425625328003,9.78004350825172,-8.10158508281311,7.60504140150323e-06,0.000365665351321459,4.12319470802682
"D12524_g_at",-1.5495730060127,6.47456735649733,-8.0832175400736,7.76535453615182e-06,0.000369337051695134,4.10189005211597
"rc_AI170379_at",-1.54744921822856,9.3037649002743,-8.85632991608958,3.32380182708656e-06,0.000213475418076895,4.96548446429584
"U31599_at",1.54382069216854,8.87218542121302,10.9676300409871,4.28431120884682e-07,6.98104709752651e-05,7.01752194093644
"J04943_at",1.54308068585945,9.14587814568372,11.0138269054907,4.11213636506633e-07,6.82692224079597e-05,7.05801399808505
"L03294_at",-1.54292408572744,8.63889820714895,-11.0280024481984,4.06082436461601e-07,6.82692224079597e-05,7.0704046360266
"U07560_at",-1.54219280466502,6.74470045166612,-10.2749935762305,8.0701840033856e-07,9.10378833920383e-05,6.3891797494482
"U50044cds_at",-1.53948869201169,6.6211976816841,-6.22567343764739,7.81767670069489e-05,0.00178129491040898,1.72726155422702
"rc_AA891734_at",-1.53401987281242,9.44161131456464,-7.08890961400391,2.5389826185161e-05,0.000824372991155837,2.88705179035441
"U14007_at",-1.53104071100521,5.19869028929518,-6.30857446953985,6.98810567910354e-05,0.00164848101529308,1.84313025255304
"AF071204_at",-1.53086595077421,4.87144023549554,-5.30590943767367,0.000289082372970127,0.00442543684066883,0.375454194091072
"D63886_s_at",-1.52533131157226,4.92000409020248,-6.08954467420399,9.41765804082667e-05,0.00203102875248122,1.534877484903
"S68245_g_at",-1.52307165717244,8.59603500525129,-9.72204844411489,1.37329417923113e-06,0.000113996372481648,5.85732414729915
"rc_AA891068_f_at",-1.52213934329627,9.63972589891262,-10.445673550171,6.88177813643381e-07,9.05961364746016e-05,6.54780511512161
"S45812_s_at",-1.51964698941194,7.85281100394211,-6.94528377055011,3.04157635423532e-05,0.000922856218652295,2.70112538726007
"X68041cds_s_at",-1.51622789541171,7.20722193098484,-8.40656543683804,5.40608971259102e-06,0.000284839421443643,4.47123526393136
"X53430_at",1.51425168268015,7.44708993275768,6.47010996579095,5.63070887875453e-05,0.00140352995535867,2.06611962461916
"U83897_at",-1.51384861624738,7.78934944660826,-8.83607295381759,3.39600403834585e-06,0.000213892540316537,4.94369618791882
"J03867_s_at",-1.51350398453215,10.0149418572035,-7.84827486755686,1.017224691041e-05,0.000445301495346756,3.82585197570264
"J03914cds_s_at",-1.51284704575514,8.87617052125001,-9.93292723419464,1.11805857395901e-06,0.000103555762023846,6.06347134536246
"U73030_at",1.5111572261362,7.56526637558563,11.4053976693529,2.92142238909588e-07,5.38662420968692e-05,7.39445302671605
"Z54212_at",-1.50934711414121,8.50866900922995,-7.78788563156857,1.0913729932016e-05,0.000459201578330061,3.75382918492686
"rc_AA996401_s_at",1.50132470388414,9.02582235179586,6.02296433037266,0.000103249983094182,0.002157949171605,1.43981778166968
"M98820_g_at",1.50092852073328,7.17443882957654,7.08033758694921,2.56631926498444e-05,0.000827004938344499,2.87603187716928
"AF020046_s_at",1.50002130599533,4.47640371727779,6.50194838175772,5.39822275406915e-05,0.00136100177687835,2.10963917547749
"rc_AA893691_at",1.49269052878809,6.37710493390847,7.08492490638372,2.55165083831865e-05,0.000825440284057565,2.8819303884667
"U87627_at",1.49113993032467,7.80284063803593,9.70694171304481,1.39386709852773e-06,0.000114622771962108,5.84239572504774
"rc_AA874924_at",1.48955938478196,7.73392519009024,10.1659547538605,8.94508568604977e-07,9.67846650361262e-05,6.28649920992574
"rc_AI172411_at",-1.48736479651891,11.5716732920112,-7.32840959072587,1.8890939426544e-05,0.000670247483928069,3.19105930334403
"E01884cds_s_at",1.48144941547526,6.51038483571079,7.82823083300708,1.04121356132199e-05,0.000451312222959223,3.8019956454194
"rc_AA893267_at",1.48077761896862,7.37851926054442,8.67179141058939,4.04838661726002e-06,0.000237478358968473,4.7653693017142
"AF063102_at",-1.48070859955388,7.56549956684785,-9.36294607144525,1.96575228601467e-06,0.000148431088816208,5.49650008824392
"rc_AI177026_at",-1.47871168970408,5.51262324432284,-10.1464204380174,9.1124420575031e-07,9.67846650361262e-05,6.26799195901916
"X17053cds_s_at",1.47733578968403,6.73101562008032,9.88714824627658,1.16873765842601e-06,0.000104935945474393,6.01907238730438
"D00636Poly_A_Site#1_s_at",-1.47113104355374,10.8584601167027,-8.69166966063799,3.96267449597158e-06,0.000234524933957243,4.78710216861068
"S54008_i_at",-1.46753257365464,8.39030424654125,-8.48914841455514,4.93687775736012e-06,0.000271497421168823,4.56365690517167
"L00382cds_at",-1.46565594910091,6.75054644142656,-9.08302517056693,2.62009825039373e-06,0.000178154484563061,5.20636618662266
"rc_AA893770_g_at",-1.46500696495109,8.98554486919277,-7.93245750876765,9.22801047468496e-06,0.000416396226496169,3.92551681315625
"L02529_at",-1.463208958029,7.75300406821014,-7.38588880957145,1.76146089086248e-05,0.000646662669321953,3.26291600652898
"X79321_at",-1.46143002521828,7.6569816952317,-9.75980684156727,1.32330052774456e-06,0.000111658288286978,5.8945422281915
"rc_AA799421_at",-1.46115276831164,6.88432641266308,-8.50415492163108,4.85644864239324e-06,0.000268754035247913,4.58036932627494
"M92059_s_at",1.45882186049752,7.92112126057784,8.06815463493112,7.89955227501479e-06,0.000371701392876231,4.08438890591037
"rc_H31479_at",-1.45310075936551,7.54684804340682,-5.15678183420691,0.000361388064782785,0.00515373352029777,0.1447591725584
"U51584_s_at",-1.44625230745384,6.52640733972805,-8.31853258490009,5.95995670682091e-06,0.000304893366647193,4.37186767914616
"Y08358_at",-1.44486665085047,4.66460096764648,-5.62990529630062,0.00017993430476063,0.00323110601548731,0.865603592154634
"rc_AA799800_at",-1.44251677588985,7.20618124603367,-9.95088972336359,1.09882954926027e-06,0.000103555762023846,6.08083942590375
"L34542cds_at",1.43606517899017,7.3569869261654,8.81960132686295,3.45596707026124e-06,0.000215667051427154,4.92594714621857
"rc_AA800709_at",1.4349412001363,7.22678420218158,5.55234847080327,0.000201287276877447,0.0034660014662322,0.749658346201144
"rc_AA799328_at",1.42617797953154,4.20953898229552,9.60980847250007,1.53440656328418e-06,0.000121632822976014,5.74588863836427
"X89383_at",-1.42253134030757,7.13876319276268,-7.64588621591914,1.28976231989235e-05,0.000513512156232252,3.58271878100877
"rc_AA800882_g_at",-1.42211394885093,7.8651523304783,-9.10148158121808,2.57037221719619e-06,0.000178084292433932,5.22574187629514
"AF036537_g_at",1.4185507183608,6.12027069464898,8.6971980585637,3.93918763135806e-06,0.000234524933957243,4.79313872365728
"AF041066_at",-1.41267047146431,7.18930648281427,-6.89374436333847,3.24723334054972e-05,0.000964507894405694,2.63373563072324
"rc_AA894029_at",1.41086204124884,9.15775645883206,8.53077043937378,4.71726690763377e-06,0.000266071996924804,4.60994881824689
"rc_AA946251_at",-1.40799938596502,6.09076801800354,-8.4535993740718,5.13321933526165e-06,0.000278809857598563,4.52396639140535
"U39476_at",1.40723548952412,6.85357123221478,8.35325283757503,5.73450302357672e-06,0.000296811130026186,4.41116332610883
"X14319cds_g_at",1.40608418751798,8.81045798266344,5.26276394804479,0.000308269172349467,0.00462088662266262,0.309037847064031
"X80477_at",-1.40444731800172,6.87405881219763,-8.48342052243703,4.96795629544863e-06,0.000271509611451258,4.5572712551662
"U35775_g_at",-1.40281461648848,4.57958996632537,-4.80041243708276,0.000624081618765476,0.00777803705880655,-0.419287715505154
"AF052695_at",1.39828270054155,6.38339432603421,9.1468788193919,2.45236072065797e-06,0.000172626575848556,5.27325116035811
"M86912exon_g_at",-1.38769522930743,6.80128107233087,-6.42168235714555,6.00519024900392e-05,0.00145965936466811,1.99965294887457
"E03428cds_s_at",-1.38636218536831,9.12129467437064,-9.1665991733582,2.40293878825342e-06,0.000170511761272918,5.29382316595912
"rc_AA799637_g_at",-1.38565105719296,5.49104401216561,-4.58241751035205,0.000879495263971293,0.00993411916262311,-0.772907342636568
"M31038_at",1.38122903850191,7.17017120862554,7.38197227552208,1.76985541665633e-05,0.000646662669321953,3.25803323808101
"X68101_at",-1.37972135690971,9.14803934340355,-7.53841934330499,1.46573615349983e-05,0.00057575948279665,3.45156207221643
"S81478_s_at",-1.37923590055702,8.29534079114775,-5.5819924703126,0.000192822516228299,0.00339329064058561,0.794078314695438
"rc_AA799575_f_at",-1.37500034221632,7.97876429999875,-9.93296580071981,1.11801689879363e-06,0.000103555762023846,6.06350866754386
"U22414_at",1.37361831527448,6.65146894983962,5.49765615459948,0.000217962715009959,0.00367949130467784,0.667370289864433
"rc_AA800882_at",-1.37343727607439,7.80593268259106,-9.1712167304846,2.39152325999478e-06,0.000170511761272918,5.29863439694822
"AF022742cds_at",-1.37336476604749,9.07421242594242,-6.71845639851161,4.06655808599287e-05,0.00112875850468931,2.40185501465143
"X53517_at",1.37181318176697,9.15865035182262,9.75628053105342,1.32788481700828e-06,0.000111658288286978,5.89107208977671
"rc_AA875084_at",-1.37151878854408,7.21227784271747,-6.56866283097188,4.94383599812329e-05,0.00128841649873685,2.20037280665467
"M64862_at",-1.36967772192404,8.3414209157229,-7.32439753052521,1.89836782879898e-05,0.000670832872514144,3.18602787290523
"S56464mRNA_g_at",1.3632551312483,7.72079181029297,10.087860284482,9.63485690366928e-07,9.8578030110914e-05,6.21230510500927
"X53054_g_at",1.36271935152604,11.6507750296903,7.86046176775444,1.00293170165331e-05,0.000441239802142373,3.84033302396917
"M77362_at",1.3627045980221,6.60128596079467,4.7781259625681,0.000646160084288298,0.00799657184479991,-0.455147078385331
"S69874_s_at",1.36005164393501,10.3666408673462,7.67220835363885,1.25023147710835e-05,0.000502319030460107,3.61462450478242
"X76988cds_at",-1.35265884796468,6.67985028397085,-7.65952083484305,1.26911988041959e-05,0.000507590264900543,3.59925634280713
"D84418_s_at",1.3515239131984,8.62806900518623,5.72548492851439,0.000156891173723248,0.00290628513177023,1.00729205531213
"AF027571_s_at",-1.35150941789712,6.68122760579671,-6.41568590629015,6.05338894125651e-05,0.00146732146815747,1.99139999739416
"U18729_at",1.35150807627679,10.3031910166957,9.54826624316808,1.63136385492537e-06,0.000126338541446757,5.68427349323261
"M22323_at",-1.35116266238642,7.63831677116746,-9.07861768094685,2.63212671817229e-06,0.000178154484563061,5.20173396931395
"rc_AA874889_g_at",-1.34784909936206,7.98578472265271,-9.35344310405048,1.98479626665032e-06,0.000148431088816208,5.48677990648964
"S65355_at",-1.34700505991784,4.12083130692583,-5.08139101715838,0.000405053421378906,0.00562207402371006,0.026922687510158
"rc_AI232096_at",-1.34601761745676,5.43007253503928,-9.77150195318873,1.30821914583873e-06,0.000111658288286978,5.90604263935397
"S74351_s_at",-1.34217271523441,9.14356889426354,-4.85210710813732,0.000575886230937568,0.00725963172782187,-0.336371176575866
"X74227cds_at",-1.34041839930145,6.74261601186436,-6.32105405289829,6.87163286812157e-05,0.00162974387079789,1.86048841678891
"X05111_at",1.33745531649089,6.26208162012543,5.72154640644626,0.000157775652550609,0.00291652934200171,1.0014797120467
"AF087839mRNA#2_f_at",-1.33467283515443,5.63842904377248,-4.67132567142331,0.000764043392136992,0.00899975610095501,-0.627921471471806
"rc_AI234060_s_at",-1.33455927786054,7.73718289450664,-5.0329699288397,0.000436028819555032,0.00592070614701347,-0.0491850604549633
"rc_AA860055_at",1.33402905402098,5.6886982429139,7.23672838547531,2.11377561647461e-05,0.000723700842387551,3.07556581154915
"U10995_g_at",-1.33283208389688,6.40700834635577,-5.28447254584046,0.000298451367513821,0.00450441437865199,0.342488630342496
"X67948_at",-1.3303796685858,9.94209233450531,-8.62565899957267,4.2551399155726e-06,0.00024471226220342,4.71476673026141
"L32591mRNA_at",-1.32896312225093,6.73011097518307,-6.04992854653576,9.9467315893973e-05,0.00210387719363238,1.47839239540759
"J02592_s_at",-1.3288687178853,9.27731500676932,-7.19611681551441,2.22236601029832e-05,0.000749218334276434,3.02405818039883
"U95001UTR#1_s_at",-1.32865726043056,9.70049719590171,-6.70703022189195,4.12719154044532e-05,0.00113840621831907,2.38659468438508
"D26154cds_at",-1.32372269635435,7.48711376036742,-6.80829121356747,3.62193386373779e-05,0.00103472065152691,2.52121412826713
"U72660_at",1.32283806930474,9.14657461664951,8.83407342753584,3.40322259851292e-06,0.000213892540316537,4.94154313763074
"J03024_at",-1.31607345420904,7.29472265667787,-5.15821978010355,0.000360605521925047,0.00515092205749754,0.146998829005485
"U92564_g_at",-1.31429959505714,4.43709086947448,-8.2861369089475,6.17898398155642e-06,0.000311276056827,4.33507901356888
"rc_AA875620_at",1.31110624251254,6.94573430702876,5.9181603486032,0.000119482059934725,0.00236784379586857,1.28889377571704
"X76489cds_g_at",-1.31001038675077,11.0240975908278,-8.68962841456311,3.97138483459816e-06,0.000234524933957243,4.78487245672981
"L03294_g_at",-1.30363287764873,7.35505427228438,-8.54955781472121,4.62162360034047e-06,0.000262359135867069,4.63078107127336
"J04591_at",-1.30345108678029,7.96125542066742,-8.40828351810257,5.39585047766928e-06,0.000284839421443643,4.47316583449452
"L33413_at",-1.29692057138983,12.4447720011164,-9.45343320824708,1.79402807785498e-06,0.000137266548322139,5.58860692966149
"rc_AA894088_at",-1.29653160253646,6.58560863363824,-8.85789496103326,3.31829313557786e-06,0.000213475418076895,4.96716600035525
"D10728_at",1.29650575109137,5.83443904935201,4.6212044492547,0.000827013177981212,0.00961279914538532,-0.70952844844807
"S72505_f_at",-1.29647516753624,8.81111223523957,-8.23828210096617,6.51862047752836e-06,0.000324052777298147,4.2805149359425
"rc_AA866426_at",-1.29219509323046,7.79695806960366,-7.35864649202978,1.82075319537167e-05,0.00065125233195428,3.22891222038297
"K02814_at",1.29166257439697,7.87609585863739,7.77515079591829,1.10774295183844e-05,0.000459201578330061,3.73858447660103
"M20131cds_s_at",-1.29100479795948,7.5918289069753,-5.81668739676292,0.000137824024032914,0.00263061515719221,1.14125706498097
"rc_AA956930_s_at",-1.28905679512287,8.50878620951204,-6.74322765244049,3.93837295037393e-05,0.00110629283166536,2.43487719022342
"AF034218_at",-1.28831430321874,9.0759029910178,-5.40588344069473,0.000249342457202558,0.00404044987279063,0.528318476177503
"X04310_at",1.28772598672717,7.15658713327808,9.08461805825881,2.61576577508748e-06,0.000178154484563061,5.20803979850326
"rc_AI008836_s_at",1.28667850792968,9.15332628548006,5.90666104567705,0.000121422817042625,0.00237950861282418,1.2722377396998
"U57362_at",-1.28430530378314,6.65750749651937,-7.19051911239623,2.23779909238656e-05,0.000751541763889671,3.01694177543292
"rc_AI169327_g_at",1.28344777668082,8.76847074845647,8.22505415365502,6.61602691396909e-06,0.000325220228022425,4.26538596199315
"S61948_s_at",-1.28314874287563,6.42762844912926,-4.64472490722184,0.000796806948536221,0.00928623091413272,-0.671191350808382
"rc_AA875197_at",1.28201436627125,7.39077192122093,6.17814851022184,8.34038726263195e-05,0.00184854074367503,1.66039714552959
"rc_AA849769_g_at",-1.2776334321193,9.72278078965754,-8.28441712556352,6.19085236330548e-06,0.000311276056827,4.33312266651673
"M83107_g_at",-1.27665994380834,9.20309767540121,-5.34174717606954,0.000274111773145653,0.00431785301278028,0.43041743684927
"X54400_r_at",-1.27539868681427,6.11364598689871,-6.51388622766581,5.31372807086127e-05,0.00134552483167953,2.12592045344713
"rc_AA859885_at",-1.27476064708705,8.83895376961794,-8.42551831344943,5.29428988982655e-06,0.000282330040852023,4.49251380405133
"rc_AA859768_at",1.27154467665728,5.79307673261569,8.34598127350018,5.78094504899892e-06,0.000297465119801997,4.402944871131
"rc_AA799323_at",1.26945898921987,7.31958974051547,9.34443026904774,2.0030430314276e-06,0.000148431088816208,5.47755274650772
"D31962cds_at",-1.26854573761143,7.372424581922,-7.17230126854637,2.28883137107477e-05,0.000765757689509008,2.99375297004579
"D14437_s_at",-1.26804088795806,6.74868640701711,-9.12336354705213,2.5127385100097e-06,0.000175472905949011,5.24866829220376
"X76489cds_at",-1.26686128252113,11.0541799821486,-7.77768813283181,1.10446030133761e-05,0.000459201578330061,3.74162346713565
"rc_AA799560_at",-1.26567335929145,8.54008611284319,-7.29170404428004,1.97579467716321e-05,0.000689881641442823,3.14495052183403
"rc_AA859830_s_at",-1.26425345265278,8.43383749300497,-4.75012680688407,0.000675075472661282,0.00826145908754746,-0.500293803738763
"D29683_at",-1.2605014664029,10.0617726531362,-7.98273512726981,8.70957885323605e-06,0.000399143668383458,3.98463605829434
"U04740_at",1.25803250847922,6.83839084083769,5.09369889033309,0.000397558326522374,0.00554376500011152,0.0462151684058618
"S79711_at",1.25402063146935,7.19180515105263,4.69875802627511,0.000731742036173015,0.00872868402424216,-0.583397281176767
"rc_AA800701_at",-1.25095577979617,9.36321803931746,-5.29927003598632,0.000291950201677621,0.00443565815014791,0.365251223053726
"AF002281_at",-1.24254033362502,8.16851408074147,-8.20966171216408,6.7313582901237e-06,0.000329051231082213,4.24775601458857
"M15562_at",1.24188980138051,10.9972868114591,8.51325343426439,4.80837563310019e-06,0.00026779590611222,4.59048993116161
"X60351cds_s_at",-1.24161847988386,9.3358155144715,-6.54558984324706,5.09615449474552e-05,0.00129974096809466,2.16906279001453
"M83107_at",-1.24100153761564,8.52547875615608,-5.91552811595694,0.000119923358109426,0.0023695063038064,1.28508283173315
"D00688_s_at",-1.24090186193395,7.84619240051771,-7.16354066498132,2.31381714990249e-05,0.00076827460762234,2.98258648663791
"K01932_f_at",-1.2406839650102,8.4190994856363,-7.43828947130652,1.65318569572758e-05,0.000624308194708456,3.3280562141772
"AA686870_f_at",-1.23934712379952,6.9436916094253,-7.02459268530839,2.75201375178289e-05,0.000864820321497772,2.80413106863367
"rc_AI012183_at",-1.23801410400867,5.70735357712298,-6.25029688997524,7.56076630655312e-05,0.00174612028166302,1.76177884798727
"D17695_s_at",1.2361841362384,6.0360605166346,4.96312106450721,0.000485217363623626,0.00641055192571214,-0.159554706293001
"rc_AA998683_g_at",-1.23525828373006,10.7570399169826,-5.35948458693011,0.000267009697392017,0.00425619262201514,0.45755221682121
"Z83757mRNA_at",-1.23329743922935,5.38812856183124,-7.81167384132264,1.0614902106556e-05,0.000454306378704095,3.78225286267838
"M22400_at",-1.23314436548274,9.37479702215032,-7.92488381358585,9.30895464755409e-06,0.000417905571141982,3.91658506919112
"X07551cds_s_at",1.23234792582709,11.2757519603568,5.30729227054234,0.000288488852864248,0.00442543684066883,0.377578436527796
"AJ001320_at",-1.22805061097723,4.64893119290041,-6.74101070263062,3.94966611431495e-05,0.00110629283166536,2.43192522298678
"M74054_s_at",-1.22646901503512,5.64967045937554,-6.84087960373277,3.47381925690539e-05,0.00100976965056884,2.56424168943388
"D12498_s_at",-1.22484942254613,8.70673380525843,-8.3906730634689,5.5018064881447e-06,0.000288157114816579,4.45336156503197
"rc_AA892553_at",1.22089624286246,8.67508778337103,8.1767552690451,6.98527795081176e-06,0.000339577130879517,4.2099742379236
"rc_AA800748_at",-1.22042686391827,9.46655681429001,-7.49233773787843,1.54898679730169e-05,0.000595176193426095,3.39487952439786
"rc_AA893579_at",1.21800515442732,3.96042738510023,5.32912268438356,0.00027928903109573,0.00435299088974228,0.411076769003182
"S79624_at",-1.21779382250835,5.51632465841336,-6.62196931567607,4.61031713641747e-05,0.0012367737952237,2.27242781185404
"rc_AA957930_s_at",-1.21754250554902,8.35897406230412,-5.35503547521064,0.000268772516662324,0.00426882558503933,0.450750210850459
"rc_AI639103_s_at",1.21605278260063,7.14076841585814,5.56242870149401,0.000198365239726161,0.00343585776446946,0.764777344252384
"J04035_at",-1.21556814296481,10.9889171078069,-7.21196916359908,2.17927959082534e-05,0.000740366066396607,3.04418923911961
"V01227_s_at",-1.21526318025406,11.3540154454877,-7.48490702848901,1.56288233087887e-05,0.000597904418669703,3.38571436259843
"U69272_g_at",-1.21305143924836,5.4138130163619,-7.37919429916425,1.77583576274791e-05,0.000646662669321953,3.25456872926729
"M18331_g_at",-1.20683526419328,7.27579247082753,-6.00969927712864,0.000105167145511085,0.00217221998439445,1.42080267090282
"Z50051_at",1.20590093751394,8.06721569219517,5.57919509540928,0.000193604824960646,0.00339367968350887,0.789892043635033
"U03416_at",-1.20291864140528,8.23173809835958,-4.8985996050726,0.000535901844150973,0.0068837960973495,-0.262112650785054
"S66184_s_at",-1.20252151400919,8.93661551323785,-4.88360157653838,0.000548469000828756,0.00699417208448149,-0.286035104150882
"X78848cds_f_at",-1.19428319153121,8.76123934265972,-8.78463244130522,3.58710471339951e-06,0.000220719820791624,4.88817014550741
"M32167_at",-1.19201324423171,9.10632461920147,-7.99479576307513,8.58995624591724e-06,0.00039780539477803,3.99877285646859
"X05472cds#2_at",1.19169595275237,8.76295074178715,6.02578674042731,0.000102846916983427,0.00215464291080279,1.44386037185487
"X59737mRNA_at",1.18922618324098,9.0750156285632,6.56498643111385,4.96777478657506e-05,0.00128942331407298,2.19538888035372
"X77934cds_at",-1.18699367627044,9.13557751294393,-4.72113467420845,0.00070646299195455,0.00851529844686038,-0.547153187613064
"X07648cds_at",-1.18623240381947,10.695970264035,-6.48176362818002,5.54438886905568e-05,0.00138988825238806,2.08206528418592
"AF061752_at",-1.18512590034291,7.59583042283559,-7.73783982921869,1.15725016526956e-05,0.000469246276691561,3.69380600312727
"Z19552cds_at",1.18099689309818,6.33894118968299,5.936761329022,0.000116412676233484,0.00233861903693704,1.31579577528548
"rc_AA891576_r_at",1.18059614913047,6.14608857690756,7.2745803654593,2.01770115976454e-05,0.000695886490564987,3.12338067381797
"AA933181_at",-1.18026809893725,7.19212055504481,-7.11417022759682,2.46023362216598e-05,0.000807746106023823,2.91946967494881
"U97143_at",-1.18008626228112,7.41328218357135,-7.03758721724011,2.70746918358094e-05,0.000856943213896716,2.82092844599162
"rc_AA875633_at",-1.17919700396484,10.0450755998757,-6.87713025472921,3.31668004343133e-05,0.00097278225673841,2.61193597430689
"L13201_at",1.1768411408576,8.02512575402095,7.3677683976126,1.80066329322797e-05,0.00064669535988216,3.24030872753797
"rc_AI639082_s_at",1.17683042135089,7.42101816772058,8.09318528560861,7.67790682742191e-06,0.000367162511817855,4.11345662849999
"J02612mRNA_s_at",1.17457150588132,7.8833833651535,8.27681885091803,6.2435847465854e-06,0.000312143762415937,4.32447516185229
"rc_AI071299_at",-1.1723923381122,6.8704250839506,-5.13499744277903,0.000373466695462821,0.00527469254153669,0.110793067823946
"rc_AA800678_g_at",-1.17211850137961,8.90133017825766,-6.79312362124091,3.69317541184367e-05,0.00105165859057645,2.50113874569758
"rc_AA894059_at",1.17051824313048,5.08163509839658,7.07114780974586,2.59597852380275e-05,0.000827609240251465,2.86420703194872
"M33648_at",-1.16911343469652,7.76950906111552,-5.46580290508421,0.000228348575561934,0.00381259794377507,0.619245230169417
"rc_AA800684_at",1.16827190903298,9.2013170122572,5.97377173089628,0.000110553666079269,0.00225177562074634,1.3691744086385
"U27562_at",-1.16732974054804,10.7417193932738,-6.51277344784318,5.32154382798586e-05,0.00134552483167953,2.12440364153021
"U17565_g_at",1.16451987443359,7.36272640837959,5.94803168825918,0.000114594073320153,0.00231590649075639,1.33207146450276
"X16273cds_g_at",-1.16346949454265,6.86666016882889,-7.7497828369894,1.1411480373308e-05,0.000465912434777275,3.70815783757352
"AF035951_at",1.16144873527191,6.754505053037,7.7127036146265,1.19194750814412e-05,0.000481098446062392,3.66354284861509
"M31174_at",-1.16114011616604,8.30621482337876,-6.26013094049734,7.46070566292477e-05,0.00172754602968618,1.77554023252956
"X52498cds_at",1.16066971413969,8.59666596933176,5.5573367111757,0.00019983559708667,0.00345452538067899,0.757141881999227
"rc_AI175900_g_at",-1.15930157459305,6.68644234867404,-4.95892188397931,0.000488356208465245,0.00644234824330688,-0.166211718629184
"M11251cds_f_at",-1.15904786970637,10.5649140613494,-5.52089309731592,0.000210704540179824,0.00358366168360772,0.702384739463132
"rc_AA800572_at",-1.15895201814986,8.84783725584448,-5.923768169317,0.000118547683708438,0.00236530854637311,1.29700944045665
"rc_AA859911_g_at",-1.15783205374029,7.11826200309048,-7.43073019430649,1.66835199438479e-05,0.000625891525871022,3.31868069939766
"X83537_at",1.15625015346796,9.23980783012832,7.78488325480505,1.09520870847911e-05,0.000459201578330061,3.75023685873908
"AF053312_s_at",1.15357402875104,4.97492268398434,6.57712234140458,4.8892215917092e-05,0.00128803176004339,2.21183386463498
"U24071_at",-1.15337807866576,6.2870552252805,-5.52615299908428,0.000209097638340814,0.00358366168360772,0.710299724553719
"X07648cds_g_at",-1.15050529721437,10.8669934603377,-7.49590164825395,1.54236958970327e-05,0.000595176193426095,3.39927283989605
"L47281_at",-1.15034232563445,4.96596769823755,-4.99038823348145,0.000465348985593828,0.0062158875198021,-0.116387777035369
"D13555_at",1.14902066000056,6.57886119594312,5.28899301042039,0.000296449143540658,0.0044818831855915,0.349445686764637
"AF007554_at",1.14619965375193,10.7648321123658,7.82988797228091,1.03920728862026e-05,0.000451312222959223,3.80396981075657
"rc_AI177256_at",-1.14476531066209,10.1525331242128,-5.39921989456524,0.000251801224110692,0.00405787357316846,0.51817455608639
"X59737mRNA_g_at",1.14370578668021,8.481846311163,7.20619109982992,2.19487907386157e-05,0.000742797729650305,3.03685540812143
"rc_AI008888_at",1.14277074755524,8.47522138740145,4.76271668638846,0.000661907805117592,0.00814105456926858,-0.479980349464
"rc_AA891949_at",1.14184515972201,5.76400607202172,7.77215815048688,1.11162820406653e-05,0.000459201578330061,3.73499914975095
"X63253cds_s_at",-1.14111701010782,6.8807664075725,-6.73335343974264,3.98894097250669e-05,0.0011107180891483,2.42172407650856
"D14014_at",-1.1410838209132,9.31043192765111,-7.50752693884116,1.52099578900433e-05,0.000589570129843572,3.41359247930574
"rc_AI232379_at",-1.13936559980114,7.86110869499511,-6.08229862041879,9.51212945656082e-05,0.00204638697037356,1.52456279084974
"U09793_at",-1.13699333085533,7.06952550618565,-6.06053619723126,9.80201492983967e-05,0.00209339634387522,1.49353894950191
"L15556_at",-1.13522665469752,7.32896482369236,-5.64489915081618,0.000176092494147852,0.00318814373663982,0.887918309280501
"D50093_s_at",-1.13431818767082,8.822628856558,-4.86753142048011,0.000562281709313085,0.00713273139116024,-0.311702157333303
"S77900_g_at",-1.13007853548871,8.18935736392121,-5.19648777909855,0.00034042792424651,0.0049473314447767,0.206494201378982
"rc_AA799448_g_at",-1.12998785113044,10.8436453439943,-7.00915766093712,2.80595231449829e-05,0.000869351211805298,2.78414985842021
"D14045_s_at",1.12811632781355,5.43040901703025,7.15469080753848,2.33935620324233e-05,0.000773834407230422,2.97129604233262
"rc_AI228548_g_at",-1.12638861428746,7.49270567452725,-6.214780579801,7.93430077851662e-05,0.00179470212211228,1.71196440919353
"U92564_at",-1.12555031444655,4.8036307237485,-6.38672786424772,6.29206839147028e-05,0.00151222687115978,1.95147385098427
"rc_AI102839_g_at",-1.12383911426765,9.04670692644794,-6.70159391640489,4.15638018634789e-05,0.00114287466436485,2.37932790515307
"D14014_g_at",-1.12194407033048,9.08635731812821,-7.03812516352157,2.7056419515236e-05,0.000856943213896716,2.8216233392753
"M55534mRNA_s_at",-1.12123841390722,8.40132391150209,-4.71554295330463,0.000712692240012212,0.00855039044349493,-0.556203970528996
"L00320cds_f_at",-1.12026322389226,10.3969635207571,-5.78895741036801,0.000143344715233202,0.0027066312217531,1.10065264660703
"D85189_at",1.1185335075511,8.53858878838021,4.74102598670198,0.00068476631479649,0.00832218066836232,-0.514991079920285
"AJ001184_at",1.11840599937772,7.51480886119785,5.24986656971264,0.000314264331688212,0.0046802583040468,0.289132193389035
"D26154UTR#1_at",-1.1180074418907,9.43943491305416,-7.37117458384362,1.79322299482392e-05,0.000646662669321953,3.24456153640336
"D26154UTR#1_g_at",-1.11630059536795,10.5583028748387,-6.83966451947595,3.4792232803893e-05,0.00100976965056884,2.56263995225737
"rc_AA875620_g_at",1.11542960411323,8.1543480954944,5.87383019659101,0.000127151707541271,0.00246977455773873,1.22457922121407
"rc_AA892316_at",1.11194379854167,7.16479943157814,5.68617320070817,0.000165962462595363,0.00305502867861214,0.94917626601273
"rc_AA892953_s_at",-1.11103668465133,5.89590079031449,-6.82728125761635,3.53481597021284e-05,0.00101643286672885,2.54630481344719
"rc_AA866265_s_at",1.1100662001922,6.52479206045505,6.12125825853357,9.01585843414413e-05,0.00195395414684813,1.5799330775251
"rc_AI235585_s_at",1.10957745807759,10.9965673958242,7.00097165882946,2.83501986324595e-05,0.00087253811019094,2.77353992309247
"U47031_at",1.10917478994786,7.49174907426719,7.27411259698243,2.01885928490748e-05,0.000695886490564987,3.12279091755974
"L19998_g_at",-1.10910047295976,9.98674828683678,-5.86423014241653,0.000128881027718561,0.00249236079757279,1.21061399734367
"AF035151_s_at",-1.10890872731436,7.95093751660864,-7.74785317836702,1.14373321868271e-05,0.000465912434777275,3.70584016211959
"rc_AA859954_at",1.10831634105976,8.48902723966696,5.18746199366282,0.000345076291507254,0.00500218499006973,0.192480650408205
"U41453_at",-1.10593924528799,6.79593914095287,-7.9120299469915,9.44809251244977e-06,0.000419867505136594,3.90141063202504
"U16245_g_at",-1.10589929816478,9.76338732755574,-6.83754047471976,3.48869159873767e-05,0.00100976965056884,2.55983953399237
"D88250_at",1.10429932421609,8.5210858293749,6.1226804183655,8.99827601968007e-05,0.00195395414684813,1.58195017476957
"U56862_at",-1.10415026001173,6.52212649694855,-6.30028297194656,7.06666091901318e-05,0.00165812131803725,1.83158523345716
"U14950_at",-1.10270969470844,5.99873168252024,-5.99870163207344,0.000106785511763316,0.00219981415356431,1.40501865583875
"rc_AA894304_at",-1.10084834163133,9.6860171223468,-6.16491951396369,8.49246731589849e-05,0.00187281252913761,1.64172760797205
"U53184_at",1.09945195176052,9.81139914744299,7.77132301649186,1.11271505600231e-05,0.000459201578330061,3.7339984258032
"S56464mRNA_at",1.09831084084641,6.94681520356677,6.67928963213407,4.27848106672513e-05,0.00116552182371871,2.34947108689546
"J04486_at",-1.09740256889176,6.85620463416256,-6.89043547582093,3.26093860511628e-05,0.000964507894405694,2.62939694577616
"AJ223184_g_at",1.09593427569325,7.25277663489312,6.24178931976044,7.64849168321938e-05,0.0017480280083285,1.74986262011835
"M91590_at",1.09496087179828,8.31351428564532,5.20131275054202,0.000337970366740149,0.00493986919758567,0.213980732626567
"U44845_at",-1.0920728229765,7.36625966765635,-7.37421630735398,1.78660683318028e-05,0.000646662669321953,3.24835803963727
"rc_AI639338_at",1.08864227366612,7.5150303887874,7.09075148892615,2.53314982598118e-05,0.000824372991155837,2.88941837847449
"M64780_g_at",-1.08858628467299,9.24015287478373,-5.30133173944522,0.000291056439607374,0.00443080555727558,0.368420185322281
"D50558_g_at",1.08750717659396,4.70586877161389,6.03284240125814,0.000101846657164853,0.00214389649854913,1.45396132073559
"rc_AA894317_s_at",-1.08471797930542,6.14367012339281,-6.87335103318855,3.33269925294408e-05,0.000974233246732723,2.60697200305104
"AA850219_at",-1.08407067923144,6.69506452111386,-6.66920747528295,4.33493481870666e-05,0.00117363358368615,2.33595257596701
"AJ009698_g_at",1.07894354935069,7.67392122696683,6.5506657671782,5.06221781707745e-05,0.00129670624261792,2.17595714860668
"D63860_s_at",-1.07608285135661,5.86172902990451,-7.91243316058313,9.44369390620326e-06,0.000419867505136594,3.90188694066396
"M60786_at",-1.07579413459888,7.20198088467919,-5.67360460791258,0.000168979638916022,0.00309032127099667,0.930548429408786
"rc_AA799832_at",-1.07430028566532,7.83195841960424,-6.93840686189518,3.06818748218161e-05,0.000927731328375121,2.69215415741897
"AF016296_at",-1.0724310237889,9.23330004537403,-7.42148876793447,1.68709745239492e-05,0.000626361623781556,3.30720901029598
"X71898_at",1.07115579455549,8.17559589061218,7.93814927424669,9.16768020530648e-06,0.000415806279002534,3.93222465854732
"D17809_at",1.07009317923337,7.51416371304799,5.84759665626966,0.000131937166403533,0.00254029568311747,1.18638568940839
"S68135_s_at",1.06846949202152,7.51355211217692,5.17446758323838,0.000351887418747642,0.00507583179927951,0.172284900957619
"AB015308_s_at",1.06754949645683,7.95302016516742,7.80996203360054,1.06361079682968e-05,0.000454306378704095,3.78020978208052
"X70062_at",1.06669902905644,6.30011803129795,7.31157616769479,1.92833508271241e-05,0.000675992844334125,3.16993502547102
"rc_AI179399_at",-1.06664888805501,9.06536201764769,-5.3868028257808,0.000256452155519764,0.00411774181828176,0.499254915210288
"rc_AA891595_at",-1.06655662613057,6.08724334931008,-4.60918087113077,0.000842919251480931,0.0097206376065278,-0.729154290395703
"AF065438_at",1.06648075586241,9.88657281142206,7.52207496151478,1.49469755883847e-05,0.000581939992045119,3.43148827337703
"S77494_s_at",-1.06412582594234,8.17465611514196,-5.57431846844748,0.000194976724466107,0.00340396864797078,0.782591457529445
"M91590_g_at",1.06387176599046,7.65735477406354,6.76539641841442,3.82733602538751e-05,0.00107938236177515,2.46435902673962
"rc_AA849769_at",-1.0633249971416,9.07857189979533,-6.78335012901155,3.73987884472063e-05,0.00106152238563538,2.48818628517439
"X16145_at",1.06298711870243,8.83081204856883,6.47231113184331,5.61429467427374e-05,0.00140341417156064,2.06913292373393
"M86912exon_at",-1.05892301326338,7.79847046048913,-7.52446117123945,1.4904310897547e-05,0.000581939992045119,3.43442105373389
"X57018_at",1.05645808922842,7.9138421802186,6.99476144071234,2.85728791691496e-05,0.000876002661356612,2.76548486672815
"rc_AA859994_at",-1.05604081356717,7.14320175872353,-6.40119262387831,6.17160762104586e-05,0.00149186745762589,1.97143197741432
"U07181_g_at",1.05490102765226,7.91090748124357,5.856099358666,0.000130365359485008,0.00251553683795742,1.19877570807676
"U05989_at",-1.0533698181566,6.51972452525623,-7.33727252087548,1.86877997828292e-05,0.000665724495097626,3.20216676563989
"rc_AI230211_s_at",-1.0525019379143,5.65722354929076,-7.31232959295932,1.92656007393629e-05,0.000675992844334125,3.17088127885992
"rc_AA858617_at",-1.05150414176454,7.56274670439598,-6.20423354960905,8.04900157206754e-05,0.00181133413894175,1.69713684485687
"rc_AA891576_s_at",1.05001155045999,8.54696455403564,7.07754749058468,2.57528529499253e-05,0.000827004938344499,2.87244293015693
"M76532cds_at",-1.04927242233193,8.70278261693899,-6.60364312542236,4.72216535270612e-05,0.00125614043023368,2.24770038559135
"AB000778_s_at",1.04852988594171,7.16277996082775,5.05840278397369,0.000419457305400044,0.00573106340095495,-0.00916864025453279
"D28508_at",1.04684831757726,6.74071841461226,5.73450257393148,0.000154885960237237,0.00289966290239883,1.02059153581387
"rc_AA875043_at",1.04615690748836,6.07401002437391,6.1865195623276,8.24566407005198e-05,0.00183227281856918,1.67219798345857
"AB003042_at",1.04603648002771,8.8634716210405,5.65948765738122,0.000172438510927684,0.00313488937531547,0.909598458547958
"L35767_at",-1.04410941211648,6.01228596411201,-6.21492677831209,7.93272321380988e-05,0.00179470212211228,1.71216983151704
"rc_AI102839_at",-1.0436074323127,7.44804680394376,-6.90354674831523,3.20699493053449e-05,0.000956554182839763,2.64658008772547
"rc_AA893666_at",1.04347385106929,5.73649391473307,5.91932434018258,0.000119287469240098,0.00236784379586857,1.29057868291722
"X75207_s_at",-1.04320421147318,8.67849873728343,-6.03071385297453,0.000102147313037412,0.00214509357378565,1.45091482446124
"rc_AA925246_at",1.04310092152008,6.72273983775973,5.48871689082221,0.000220825558962318,0.00370809941471266,0.653879364324962
"rc_AA900505_at",-1.04279069719164,9.66347182510854,-5.48724173882939,0.000221301825695518,0.00370901859865687,0.651651986451082
"K00996mRNA_s_at",-1.04243009347175,11.0808940121769,-5.81360191426917,0.000138426908572348,0.00263640339508244,1.13674456290352
"AJ010828_at",-1.03969276333802,7.75620079124507,-6.93068878316934,3.09835247692859e-05,0.000933643953578583,2.68207804098763
"D10729_s_at",1.0396685701375,9.86699427553926,7.64026478638285,1.29837830218976e-05,0.000514613994638184,3.57589379185792
"X05834_at",1.03966167395131,10.367904957088,6.2426360209868,7.6397122456496e-05,0.0017480280083285,1.75104902235295
"rc_AA800711_at",-1.03961743964439,6.03094208358668,-5.50282454420762,0.000216325591604847,0.00366047861640587,0.675165016642631
"rc_AI229440_s_at",-1.03919826718094,10.0578398125023,-6.45799092143726,5.72200909343884e-05,0.00141825233839911,2.04951706597346
"Y17607_s_at",-1.03866564745767,7.51991282080676,-5.17044567033482,0.000354024389033854,0.00509770141157361,0.166029204019259
"X62322_at",1.03656009245938,10.2084839594564,7.0713035809039,2.59547271963452e-05,0.000827609240251465,2.8644075617157
"AJ002745cds_at",-1.03636999811889,7.8393877002639,-4.98913280739403,0.000466244546319966,0.0062158875198021,-0.118372966332023
"M91466_at",1.03531322917491,6.7402164517439,5.4350550834434,0.000238875737209831,0.00392521161244841,0.572650865248353
"X61381cds_s_at",-1.03402457855684,11.0916459615266,-6.20712311111478,8.01740130515877e-05,0.00180884907907928,1.70120071443223
"L14323_at",-1.03187735414374,6.21601566966773,-5.29676411886078,0.000293040468323349,0.00443797432147529,0.361398653457269
"M64780_at",-1.03033204664574,9.47600035620204,-6.15451381111678,8.61417926760161e-05,0.00189490408439067,1.6270249343208
"rc_AI176658_s_at",-1.02994504066029,11.0947294768129,-5.52397258983788,0.000209762162182257,0.00358366168360772,0.707019179277621
"X54467_at",1.02847545704285,11.3634526148273,7.28265933466267,1.99781144701306e-05,0.00069481197321217,3.13356206878182
"X62875mRNA_g_at",1.02769911530611,7.654079064696,6.55318409888973,5.0454709148357e-05,0.00129670624261792,2.17937633815472
"U28356_at",1.02687602768395,6.79560388546625,6.42618627831094,5.96925933406484e-05,0.00145874476782234,2.00584840784835
"S48325_s_at",-1.02283369528028,7.26837759299621,-6.27384159571778,7.32356455461294e-05,0.00170928500042544,1.79470350471525
"X13309_at",1.02081808450888,4.65565660633763,4.76231166360412,0.000662327159331902,0.00814105456926858,-0.48063350978741
"D85035_g_at",-1.02013301202992,5.16653275110233,-6.39270523532405,6.24198631890904e-05,0.00150474623616659,1.95972484667776
"rc_AI105448_at",-1.01822103644012,10.5265485756453,-5.5646941416328,0.00019771478819982,0.00343134599875782,0.768173172899796
"rc_AA893781_g_at",1.01758298500566,6.40584546138879,5.45770364693904,0.000231072658874285,0.00385077334362658,0.606985130605242
"X76454_at",1.01753432709241,6.15114801211282,6.97006294370715,2.94773172165903e-05,0.000900593452044367,2.73339844977195
"rc_AA685175_at",1.01615333471454,7.43875117656598,7.40691554404555,1.71712126023269e-05,0.000634829830621322,3.28909671442148
"AF034218_g_at",-1.01608683525068,8.50445507560182,-4.80337155067304,0.000621210709350642,0.00775323834266142,-0.414531532013873
"AJ011606_at",-1.0155654845639,7.38308236578006,-6.54957069538307,5.06951866644577e-05,0.00129670624261792,2.17447007310533
"AF081148_s_at",-1.01448018543458,6.47016164304938,-5.43439238657371,0.000239108242331213,0.00392521161244841,0.571645126404235
"AJ223184_at",1.0138920523854,5.641074098795,4.8469939787734,0.000580472687411412,0.0073069802239385,-0.344556135537511
"rc_AI236158_at",1.01275125734217,7.08882095398907,6.69814433553539,4.17501676498691e-05,0.00114442281978567,2.37471470705769
"X80130cds_i_at",-1.01062978272423,7.57269408175484,-7.46173864042038,1.60707802829615e-05,0.000611802496342006,3.35709331043948
"rc_AA800680_at",-1.01060293088975,8.03862717875157,-4.93832550727574,0.00050406666178059,0.0066001228526896,-0.198899067998641
"U16245_at",-1.01043254201142,9.56721113013488,-5.97047564413145,0.00011106242855532,0.00225690140613917,1.36442859616847
"rc_AA859508_at",-1.00971728347203,7.92301042839685,-7.01020945474009,2.80224084695884e-05,0.000869351211805298,2.78551244966754
"U56863_at",1.00713162348724,3.78910829881443,6.60082632617168,4.73961385200116e-05,0.00125614043023368,2.24389558209693
"J05495_at",1.00521420779753,7.3502226296274,6.52715698578398,5.22146367810631e-05,0.0013278514134005,2.14399632706539
"U56839_at",1.00506650718483,8.31704059772968,5.67234775681235,0.000169284561043345,0.00309032127099667,0.928684397637817
"X02610_at",1.00417951340357,10.1083674453639,7.22835581816664,2.13568572603617e-05,0.000728368166798151,3.06496443935135
"rc_AA849716_at",-1.00324929981332,6.94325835549004,-4.7359468169396,0.000690238639206269,0.00836557821814871,-0.523198488236658
"S56937_s_at",1.00243315661716,7.41408323639672,5.24192326150435,0.000318018291210922,0.00472676173034612,0.276860701162001
"D90404_g_at",1.00134998397112,9.07625892148878,5.91445043583754,0.000120104535912905,0.0023695063038064,1.28352227905378
"rc_AA892918_at",-1.00113351880876,9.60213877475356,-6.55938339733634,5.00449869685421e-05,0.00129513482451824,2.18778950170785
"S77900_at",-1.00087601713641,9.49017341991915,-5.97607797212025,0.000110199173616674,0.00225177562074634,1.37249407948272
"D84346_s_at",-1.00016940545566,9.22077505163693,-5.34125183865863,0.000274312971263118,0.00431785301278028,0.429659015428198
"rc_AA892332_at",0.999550575013373,9.4877050084339,7.16644198774442,2.30550999830127e-05,0.00076827460762234,2.98628569651113
"U43534_at",-0.998165440533089,7.60932219764541,-6.59705546473989,4.76308078812231e-05,0.00125856900464529,2.23880035872041
"J02962_at",0.998022184907589,10.5756574181657,5.27222346394508,0.000303949464477655,0.00457171168878442,0.323622349177808
"S68809_s_at",-0.995824688942873,7.47160449627596,-6.8890860667099,3.26654565897144e-05,0.000964507894405694,2.62762714844077
"X66494_at",-0.994669940275866,7.14965961830765,-6.76573345896919,3.82567409824467e-05,0.00107938236177515,2.46480673399378
"U69272_at",-0.994058857425486,7.40128047246285,-6.92431092410336,3.12352036646638e-05,0.000938015553055893,2.67374558548908
"D10757_g_at",0.993719293639222,9.34524782141506,6.73889509350567,3.96047553102158e-05,0.00110629283166536,2.4291075698846
"rc_AA893663_at",0.99320142891469,8.53907526728401,5.60936718910242,0.000185342594318798,0.003292571312372,0.834984659232846
"X13167cds_s_at",-0.993111164447773,6.03797947817056,-4.89941208559794,0.000535229821058412,0.0068837960973495,-0.260817601407418
"rc_AI237535_s_at",0.99207487708213,9.41109356539264,6.2431409272505,7.63448202185718e-05,0.0017480280083285,1.75175645124969
"K01721mRNA_s_at",-0.991519606498208,11.4666594576765,-4.69224769401121,0.000739275030483283,0.00877851685994926,-0.593954826978326
"AF063103_at",-0.990521011689365,5.74341608760108,-5.87128405387652,0.00012760792868793,0.00247317657384383,1.22087663830816
"rc_AA800570_at",-0.989453754375227,6.0571823521023,-4.58900066183059,0.000870345796963843,0.00992745696336057,-0.762136482903942
"D28773_s_at",0.986540767714493,7.19953975371377,7.00067729447872,2.8360711389318e-05,0.00087253811019094,2.77315822930751
"AF063103_g_at",-0.98632002378297,6.35303680605188,-5.94027262237587,0.000115842797930845,0.00233249606177004,1.32086844835334
"D89983_at",-0.986216990877994,7.55760356967987,-5.21319239385189,0.000331999623779344,0.00488505800942216,0.232399239576617
"M81687_at",-0.984729347565395,6.95807642006218,-6.30288215779183,7.04193427132099e-05,0.00165673742388646,1.83520536610036
"U64451_at",-0.984310407979052,5.20812373833056,-4.74758798640866,0.000677764215987297,0.0082713555290877,-0.504392721856302
"M81642_at",-0.983451457369878,10.1019392381097,-4.87828443831238,0.000552998993209531,0.00704173392366232,-0.294523622843141
"U40001_at",-0.9827356794137,8.83945104938127,-7.13665916140386,2.39233718404803e-05,0.000788396063012684,2.94825993301067
"AA684960_f_at",-0.980333987603936,8.23777292298927,-6.19217385655226,8.1823355497052e-05,0.00182996316435028,1.68016330661436
"rc_AA891724_at",-0.980068988013177,6.71533422781871,-4.73080331785898,0.000695827419044659,0.00841014486287631,-0.53151338590143
"D14046_at",-0.979475648798067,5.64745531934866,-5.87511125664208,0.000126922825634012,0.00246977455773873,1.22644177559866
"rc_AA894258_at",-0.979397430511572,7.11316855438774,-6.5678292338415,4.94925305799584e-05,0.00128841649873685,2.19924290153532
"rc_AA859911_at",-0.978227456943983,7.09368804989506,-6.05474294318274,9.88076872833709e-05,0.00209946866945405,1.48526882248262
"AF003825_s_at",-0.978055200208547,7.13707176113682,-5.03335300047464,0.000435774127060026,0.00592070614701347,-0.0485816528253071
"M25350_s_at",-0.974886280207574,7.27826144250783,-5.03060778859123,0.000437602828450717,0.00593292340144508,-0.0529063189559738
"rc_AI169327_at",0.974773299561917,9.30227501010624,6.68208162979782,4.26298776373117e-05,0.00116490774326306,2.35321222855742
"U75917_at",0.973111222090276,8.91786141426613,6.09050215077056,9.40525019654211e-05,0.00203102875248122,1.53623988201842
"D10757_at",0.972577394328139,8.72013887470914,7.01289552947879,2.79278645831137e-05,0.000869351211805298,2.78899157259637
"X64827cds_s_at",-0.967512889583166,6.51809077022885,-6.22408769214846,7.83453949685505e-05,0.00178129491040898,1.72503569618727
"AJ009698_at",0.966753797221072,8.07252538623455,6.34451828205395,6.65824165552996e-05,0.001587692908591,1.89306587167832
"rc_AI010581_at",0.965359870997494,7.97938454608172,4.58770689640396,0.000872135950980534,0.00992745696336057,-0.764252800482954
"M91595exon_s_at",-0.965088552805095,7.67254210780389,-5.32033014156884,0.000282956272252949,0.00437562783752846,0.397593050806636
"rc_AA892264_at",0.964967669072192,6.03636469617216,6.45113092239475,5.7743933057352e-05,0.0014232181147665,2.04011006941202
"U58858_at",-0.963641119182732,10.029692623743,-6.42435230244808,5.98386229905274e-05,0.00145874476782234,2.00332598875867
"X77933_at",-0.960964347271576,7.461393013185,-5.49186954810017,0.000219811354026945,0.00369812639404033,0.658638602290849
"rc_AA963839_s_at",-0.958820734496097,9.19895081362079,-4.99250452796484,0.000463843450958342,0.00621211343224118,-0.113041808131682
"U72632_at",-0.957138489609834,7.85901761194787,-5.52110275762231,0.000210640237449494,0.00358366168360772,0.702700308476198
"K01933_at",0.955890462738879,8.4711483713582,4.9183102762554,0.000519847995048752,0.00673658690491011,-0.230720758819941
"rc_AA892578_at",-0.955820585996336,7.24764799700571,-6.31353456502509,6.94156107905822e-05,0.0016419031165224,1.85003200762115
"U75928UTR#1_s_at",-0.955538356553582,11.1693088352775,-5.37852833555748,0.000259602202100816,0.00415316322960924,0.486634863918575
"rc_AA859693_at",-0.954847460408812,7.41397495840234,-5.30170266225043,0.000290895951474495,0.00443080555727558,0.368990251014015
"M15562_g_at",0.953437837877376,12.2566843390814,6.90817123614082,3.18819821369494e-05,0.000954182179670128,2.65263525529576
"D90404_at",0.953396331139526,10.511717092595,5.34618847321927,0.000272314794873979,0.00431337167369059,0.437216017387798
"rc_AA875257_at",0.953074311498016,8.20066965931215,6.64210424932056,4.49070411131212e-05,0.00120837019802555,2.29954235967688
"rc_AA799607_at",-0.951704361062006,8.58432999161785,-4.98313646712707,0.000470547339985163,0.00625429916092061,-0.12785795257997
"U56241_at",0.950815409446609,6.08059246525855,7.01350873826247,2.79063291910364e-05,0.000869351211805298,2.7897856932938
"M13962mRNA#2_at",0.948412850998228,7.25071394271672,5.50397273069311,0.000215963678860421,0.00366047861640587,0.676896132836355
"AB012230_g_at",-0.948407109082244,7.893260492996,-5.57915521627075,0.00019361600194584,0.00339367968350887,0.789832356303299
"rc_AA891524_at",0.948192126398198,7.33840925010376,5.04786604066163,0.000426240235912482,0.00581470982293632,-0.0257362211227656
"rc_AA891814_at",0.945076656887561,6.97929682412517,6.05318750860109,9.90202861488161e-05,0.00209946866945405,1.48304755097358
"Y13275_at",-0.945070758547509,9.87516052475013,-5.12922416342833,0.00037673916851797,0.00531238452530387,0.101780066979924
"rc_H31839_at",0.944096310360783,7.9776813185695,5.92530530659136,0.000118292933262752,0.00236530854637311,1.29923320075195
"D45920_at",-0.943812980135855,4.84921770007629,-5.55594679495747,0.000200238965032651,0.00345471108494568,0.755057042953585
"rc_AA799494_at",-0.942755702171342,8.86216166350742,-6.45479465417738,5.74635259973308e-05,0.00142028529564751,2.04513489937283
"U87983_at",0.942604407296161,5.22958771535068,6.26735831557921,7.38807361094278e-05,0.0017197793572139,1.78564519636733
"rc_AA866419_at",-0.942133781891613,6.43024226050649,-5.19660081934176,0.000340370131311554,0.0049473314447767,0.206669635212259
"U09256_at",0.942066841944657,9.7980850155515,6.95411146100728,3.00778005184178e-05,0.000915759746579785,2.71263222136103
"rc_AA893454_at",0.937629324135004,5.91083555550492,6.24230821149606,7.6431100164751e-05,0.0017480280083285,1.75058970603274
"U35774_at",0.937198858812082,6.07612062371304,5.32186530873318,0.00028231230044306,0.00437562783752846,0.399948094627073
"J05132_s_at",0.935039785266687,8.83247773050337,5.97376777442246,0.000110554275277011,0.00225177562074634,1.3691687129169
"rc_AA817846_at",0.933392102735499,5.01395749500963,6.18647504497903,8.24616474773717e-05,0.00183227281856918,1.67213525287033
"M15191_s_at",-0.931992123139709,4.41006233098267,-6.56847691636975,4.94504359605092e-05,0.00128841649873685,2.20012081573615
"X51415cds_s_at",-0.930220353862539,7.89724915799981,-7.03447263134725,2.71807459789228e-05,0.000857216429636349,2.81690441864825
"rc_AI639029_s_at",0.928591856577101,7.71821805853077,6.61609361013729,4.64586434843437e-05,0.00124252159276213,2.26450480393011
"rc_AA799755_at",-0.927513838839929,7.67822973578942,-5.00620425966926,0.000454221593725537,0.00610182565372671,-0.0913970500395527
"AF051895_at",-0.925529270054449,10.3209700899374,-5.75989702612904,0.000149384854374093,0.00281464097138682,1.05798066967278
"rc_AA799641_at",-0.924636793247359,9.31555929605384,-4.88610981022747,0.000546345746562036,0.00697975404266553,-0.282032203764452
"AFFX_Rat_GAPDH_M_at",0.92422003394424,11.4717047911717,5.39541158447375,0.00025321803395969,0.00407324585157462,0.512374279808093
"U17565_at",0.924087131532638,6.65319497950995,5.0244841963944,0.000441711422208602,0.00597022857759369,-0.0625569399725228
"X63143_s_at",-0.922772022059183,7.84773526405092,-6.13110610482433,8.89485867262908e-05,0.00194691197662844,1.59389468084273
"X63722cds_s_at",-0.921912561014831,7.5753511618274,-4.7621823736703,0.000662461083259041,0.00814105456926858,-0.480842013980288
"rc_AI176710_at",0.920790501774869,4.77087506857503,5.12182993502585,0.000380975010187113,0.00535138619266501,0.0902295788225933
"M57276_at",0.918780964939744,8.8319827840217,5.25517504573829,0.000311781877053935,0.00465799241588257,0.297328123371882
"rc_AI638989_at",-0.917654616956467,8.4993345618018,-5.91190517039182,0.000120533605594049,0.0023726514443446,1.27983589972426
"X63434_at",0.915652883684538,7.29488097691026,5.62371877252289,0.000181545443838896,0.00325339788256303,0.85638694585657
"U78167_at",-0.914578940485626,6.5412351215736,-6.42422856006635,5.98484897356363e-05,0.00145874476782234,2.00315577862411
"J00728cds_f_at",-0.914415315986126,10.339572752827,-6.27870211258441,7.27559847019794e-05,0.00170260614200191,1.80149061586212
"M32062_g_at",0.910235466861966,9.57138077251012,4.57995644358225,0.000882941742196308,0.00996026203792989,-0.776935400917497
"rc_AI008888_g_at",0.909870793771908,10.6265806888317,5.92001030749727,0.000119172951263213,0.00236784379586857,1.29157154639518
"rc_AA799645_g_at",-0.908689627185511,7.42747574476086,-5.56565781420717,0.000197438789552515,0.00343134599875782,0.769617464248507
"Y13714_at",-0.908106650881429,11.0490163370555,-5.33656001187889,0.000276226533931351,0.00433161748478293,0.422473505987754
"rc_AI030286_s_at",-0.907315427706242,3.36789602805262,-4.91406844842383,0.00052325930201976,0.00677082146834098,-0.237471885113453
"rc_AA799450_at",-0.904376983895131,7.40788114172458,-6.38490938384198,6.30739017747061e-05,0.00151222687115978,1.94896267542943
"rc_AI639387_at",0.904222734392063,6.70236412290874,5.83099686472907,0.000135064515654301,0.00259483116428426,1.16216657954857
"rc_AA800592_at",-0.902481946939613,3.61354210131121,-4.94854040882447,0.000496209037477221,0.0065216302963164,-0.182680172941574
"rc_AA892333_at",0.900834100671087,11.0405706851615,6.42765492322217,5.95759289302936e-05,0.00145874476782234,2.00786801713221
"rc_AA892069_s_at",-0.900488013882315,5.05739710149448,-4.98586486997597,0.000468584320613968,0.00623763001071452,-0.123541551020317
"U83230_at",-0.900188147001049,6.9437942580411,-5.31020547146933,0.000287242730380272,0.00442051532101085,0.382052656411843
"S83358_s_at",-0.899065764519476,8.09384965722139,-4.68757575923417,0.000744731326520474,0.00881950328674784,-0.601534601706962
"rc_AA800850_at",-0.899022569623495,8.60724962468492,-4.59168561418094,0.000866643049745187,0.00992745696336057,-0.75774518205895
"rc_AA684631_at",-0.898540704353296,7.26999931063989,-6.14154782614181,8.76846058643861e-05,0.00192403203740831,1.60868310601153
"U94708_at",0.896003902664638,5.53438779346686,5.20457384754127,0.000336320043677862,0.00493213344053584,0.21903883455343
"U28938_at",0.895592057022633,7.855941119007,5.82016799814408,0.000137147303965112,0.00262910485313512,1.14634577283294
"X67250_at",-0.890939656881462,7.0060014907937,-4.94660342069696,0.000497688991517062,0.00652632702885041,-0.185754542649914
"U57501_at",-0.89056592554627,5.21197534180088,-4.57792385067042,0.000885798928622151,0.00997969881299143,-0.780262763130389
"AF042499_at",-0.888353778455532,7.05981410427495,-5.13741859419739,0.000372103313655712,0.00526388594349938,0.114571454820198
"rc_AA874918_at",-0.887866224201697,4.11357226092679,-5.52110443601883,0.000210639722770431,0.00358366168360772,0.702702834679412
"M15185_s_at",0.887776749941176,8.22404103034365,5.8076652693802,0.000139594839916908,0.00265290495988957,1.12805837498128
"A09811cds_s_at",-0.88639890407348,6.90228053664727,-5.20283805180851,0.00033719739766174,0.00493677188357014,0.216346730141376
"U09228_at",-0.886310404473098,7.31618805609,-4.67455783147289,0.00076016046732711,0.00896602138339309,-0.622670297546834
"rc_AI639049_s_at",-0.885281839829468,6.43093075075154,-5.68250188867334,0.00016683779149702,0.003064730119796,0.943737405226471
"rc_AA819793_at",0.885063171834367,6.70928318041462,5.27244720707826,0.000303848074799176,0.00457171168878442,0.323967156338263
"rc_AA875033_at",-0.884766561224042,8.73309103155528,-5.45523385948604,0.000231910217583177,0.00385742533934665,0.603244645794631
"M17701_s_at",0.883685203505655,10.5407765012167,5.48572014084996,0.000221794235756075,0.00371020433539488,0.649354147903098
"X82396_at",0.882588976357789,11.021453712424,5.61833957474784,0.000182958853444648,0.00327206290947044,0.848368535685839
"D55648_s_at",0.882523793378068,7.93332745347484,5.16027473497023,0.000359490321814469,0.00515092205749754,0.150198988683558
"AF095576_at",0.882312822037184,6.57528153191313,6.56992001722117,4.93567832706047e-05,0.00128841649873685,2.20207668654055
"rc_AI230712_at",-0.879654830015599,7.21657780782267,-5.67436362005435,0.000168795780644811,0.00309032127099667,0.931674006871069
"AA685376_f_at",-0.877753367955822,7.52687730198,-6.0552573531954,9.8737484671262e-05,0.00209946866945405,1.48600336030608
"rc_AA891690_g_at",0.877691290226727,9.73924140898651,6.16784548492497,8.45857624188148e-05,0.00187002543598782,1.64585905899114
"X66022mRNA#3_i_at",0.876880273023157,7.09932031610435,6.32202472226548,6.86266126372726e-05,0.00162974387079789,1.86183762309605
"U21683_at",0.871909372954132,7.98431671648304,5.96280023239894,0.000112256894775584,0.00227591801182112,1.35337122749327
"X14232_at",-0.871130240815801,6.7146597481108,-6.01581276314501,0.00010427888601843,0.00215894098370863,1.42956933611101
"rc_H31604_at",0.870495469123666,4.07938132435502,5.99723649157692,0.000107003120550691,0.00219981415356431,1.40291454754597
"S72637_s_at",-0.869781246665153,8.34375829866361,-5.66390700639913,0.000171347641901798,0.00312150704160232,0.916160011305005
"L32591mRNA_g_at",-0.869006529600271,8.08393984469587,-5.24966796266438,0.000314357615375799,0.0046802583040468,0.288825478912931
"U07181_at",0.867709111439065,8.28962435376644,6.55490021224588,5.03409287359789e-05,0.00129670624261792,2.18170583563747
"AF104362_at",-0.864097175860446,5.38401219361911,-5.92663645240313,0.000118072795209422,0.00236530854637311,1.30115868004211
"AF015719_s_at",-0.862154183223613,6.59687409134646,-4.6934095988215,0.000737924625872296,0.00877432267979775,-0.592070197663982
"rc_AA874875_at",-0.861792539685174,5.00069060320469,-4.60620858848858,0.000846900870466794,0.00973092687130713,-0.734008802523061
"L25785_at",-0.861748926719381,10.7198347685399,-5.34274211826372,0.000273708118240505,0.00431785301278028,0.43194070657357
"rc_AA859805_at",-0.860869518412398,9.24668633769829,-5.727915949569,0.000156347881782285,0.00290535656134138,1.01087855502935
"rc_AI236284_s_at",0.858437621407264,8.90588100840747,4.71844729477138,0.000709449551974103,0.00852793252434445,-0.551502467715738
"rc_AA892506_at",0.858222234776227,10.1663674628359,4.73836571551596,0.00068762676030711,0.00834541774336863,-0.519289367106788
"rc_AA858607_at",0.857573268245256,8.20423665823864,5.89567916059122,0.000123307764926999,0.00240573175962897,1.25631333694911
"L05175_at",0.857064650638279,6.81847425406367,5.15195334319169,0.000364029005084299,0.00517462231944547,0.137236452280909
"D85435_g_at",-0.852714148368094,8.92892931437384,-6.1911131827532,8.19417532394602e-05,0.00182996316435028,1.67866946001487
"rc_AA800549_at",-0.852166942955897,8.46050850471438,-4.91849994918029,0.000519696010405715,0.00673658690491011,-0.230418941252569
"D14015_g_at",0.851567571615335,5.51389189939491,5.0685735453269,0.000413018582172874,0.00568724648597671,0.00680859439685566
"AF036537_at",0.851133391450631,7.21730495852982,6.12246576513198,9.00092745946761e-05,0.00195395414684813,1.58164574337464
"X62322_g_at",0.849874656924758,11.1995387192491,5.33501623669257,0.000276859266839669,0.00433161748478293,0.420108527529457
"AF063102_g_at",-0.848954424726069,7.96416910615213,-5.4425343833097,0.00023626829132125,0.00390775318672121,0.583997382082877
"rc_AI232078_at",-0.848694993584823,7.79061495042333,-5.56840816865126,0.000196653338678999,0.00342644104363666,0.773738780148229
"M80550_at",-0.848260984957212,7.78100267230961,-6.04063004237524,0.000100754710191522,0.00212599687044412,1.46510188093837
"rc_AI639012_at",0.847656920552839,7.79301355429815,4.64668976696784,0.000794336849771687,0.0092697214073489,-0.667992030516843
"AFFX_Rat_GAPDH_3_at",0.847572255962238,11.4113053651636,5.08133006325825,0.000405090911584518,0.00562207402371006,0.0268270893701947
"Z17223_at",-0.84754756139484,6.70670200219779,-4.98961786652118,0.000465898311870577,0.0062158875198021,-0.117605922292689
"D42148_at",-0.845875323593461,8.9501143439162,-5.89937117119478,0.00012267059237731,0.00239861898295099,1.26166891986213
"M69055_at",-0.844643349336517,7.74991138379932,-4.79380732242628,0.000630540621196387,0.00782528480381807,-0.429908422474583
"U08290_at",-0.84305731311028,8.06438201283974,-5.33586862943653,0.000276509713895883,0.00433161748478293,0.421414388719584
"AF041105_at",-0.842747456265743,4.76758094378114,-5.38152177733933,0.00025845788502369,0.00414238785122669,0.491201530925713
"D88586_at",-0.841257148677165,8.47276137168211,-4.6159502606683,0.000833924650931519,0.00966672225509167,-0.71810242498487
"S74141_s_at",0.840921248222081,9.06441302762486,6.36052224045674,6.5167821211566e-05,0.00155818385554503,1.91524104723027
"S79760_at",-0.840341749112056,7.0053890827968,-5.41585984761513,0.000245708989711022,0.00399064264502284,0.543493559948172
"X62295cds_s_at",-0.839557800436633,6.36252257701557,-5.78993444246071,0.000143146233135706,0.0027066312217531,1.10208518555316
"M17527_at",-0.839505422701857,6.13784296126505,-5.19847052362943,0.000339415738396412,0.0049473314447767,0.20957107449301
"rc_AA955477_g_at",0.839323116545549,8.25143692317849,5.61319543206453,0.000184321494429476,0.00328308669936226,0.840696579255528
"J05510_at",-0.838727743352712,6.80792705915884,-5.29827311330106,0.000292383421648572,0.00443565815014791,0.363718673332528
"D38062exon_s_at",0.837066480222982,6.14844610748457,4.76286437561861,0.000661754959898675,0.00814105456926858,-0.479742183831802
"X60468mRNA_s_at",-0.836998491703883,7.03378071163482,-5.3210201007503,0.000282666654948743,0.00437562783752846,0.398651533997837
"rc_AI639370_at",-0.836965293633924,8.10467383816077,-5.90800854784751,0.000121193661928912,0.00237950861282418,1.27419050101663
"rc_AI639372_at",-0.83639355517896,6.7473306170569,-5.33429216182789,0.000277156568238753,0.00433161748478293,0.418999166320017
"rc_H31418_at",0.83599578162976,5.62960733956212,5.19589735713402,0.000340729952896316,0.0049473314447767,0.205577860922201
"U75917_g_at",0.83577086249478,9.50367865476267,4.74421326525042,0.000681355766355667,0.00830366951269185,-0.509842545817635
"rc_AA892486_at",0.835632267460731,9.44017697831684,5.63350942428114,0.00017900273478936,0.00322394615272557,0.870970440708455
"Y12635_at",0.831403361462975,8.50076735187946,5.2164961850862,0.000330359138468743,0.00486906207602423,0.237517930118283
"AF097723_s_at",-0.828751812211113,8.4499901139459,-6.01701622269688,0.000104104977571955,0.00215894098370863,1.43129444989964
"D29960_at",-0.82869577475432,7.00067989034511,-5.81757055638578,0.000137651977295872,0.00263061515719221,1.14254842773243
"rc_AA800743_at",0.827407571046297,8.67143518696633,6.06889507334655,9.68956668752605e-05,0.00207947554350102,1.50546313490586
"AF083269_at",0.827175357208109,11.0321672101435,5.35822066748945,0.000267509229695577,0.00425644432566254,0.455620169487406
"rc_AI008638_at",-0.826452198780638,10.7645016811865,-5.94702244444761,0.000114755680187497,0.00231590649075639,1.33061474713625
"U75395UTR#1_s_at",-0.82508765682141,6.7788169031631,-4.93451761790014,0.000507029471353652,0.00661921708967475,-0.204948835472498
"D83796_s_at",0.821821935107872,8.41280284434889,6.12593935533631,8.95812363382471e-05,0.00195395414684813,1.5865713447573
"rc_AA891576_i_at",0.819981769700195,5.58002120895386,6.01750664805733,0.000104034196724127,0.00215894098370863,1.43199739643935
"U15138_at",-0.819784144542268,9.44284763361255,-5.73252749583213,0.000155322795440044,0.00290166725494044,1.01767964248574
"U66322_at",-0.818334673326939,6.17599411926376,-4.60603857472597,0.000847129217345296,0.00973092687130713,-0.734286514203249
"D00913_g_at",-0.817960705660063,10.928930273781,-5.57541292234102,0.000194667930790889,0.00340396864797078,0.78423021711973
"AF083269_g_at",0.817591714999622,10.5472361616107,4.87585458476442,0.000555082312492722,0.00705804807460037,-0.298404050845403
"AB010999_s_at",0.817313271156738,7.39258047182165,4.59008311645252,0.00086885100790954,0.00992745696336057,-0.760365990854338
"S85184_g_at",-0.810482898801832,7.59402361345701,-5.23252326937147,0.000322522394668139,0.00476705776123447,0.262327099859268
"rc_AA893963_at",0.810420612321587,6.82443865309224,5.25512897054377,0.000311803333669148,0.00465799241588257,0.29725700378537
"rc_AA893007_at",0.809607538733253,8.3127473441826,5.44002113515584,0.000237141063560708,0.00391482967780613,0.580185547351283
"X74593_at",0.808104481995661,7.40958277778917,4.75465746478985,0.00067030525864608,0.00821450692315718,-0.492981232874448
"rc_AI639072_at",-0.80715433677589,5.94590625314736,-5.30286891687347,0.000290391958460498,0.00443080555727558,0.37078252113076
"X74402_at",-0.806212993635222,9.31728142419563,-5.12121491894712,0.000381329599136375,0.00535138619266501,0.0892685147489116
"U49953_s_at",0.804657359826222,5.69322358166116,5.53579619362106,0.000206185492790641,0.00354341045129854,0.724800172032783
"S79213_at",-0.803942575158533,8.45927532426487,-4.91006302827203,0.000526502272274482,0.00679280570930083,-0.243849048388303
"J04792_at",0.803582159775781,8.91328705538576,5.1589296149136,0.000360219887698927,0.00515092205749754,0.148104315447705
"rc_AA799744_at",-0.802196198492456,8.13015863584124,-5.26290970191495,0.000308202120252679,0.00462088662266262,0.309262665191016
"U77038_g_at",0.801819872021914,8.87834175633581,5.60700159602175,0.000185976581685292,0.003292571312372,0.831454019238039
"X70521_at",-0.798697366354785,9.80336615446522,-5.20795280419194,0.000334619112199388,0.00491538158304243,0.224278135448588
"rc_AI178135_at",0.798214630822478,8.42691781915793,4.83094135521239,0.00059512487561672,0.00747004818908919,-0.370276077663022
"U55192_at",0.796651442050487,7.81611909715455,5.656634466124,0.000173146728953972,0.0031412743671464,0.905360726611634
"X03518cds#3_s_at",0.794752022194807,7.25709855131217,5.496641887258,0.000218285539384229,0.00367949130467784,0.665840164132891
"S44606_s_at",0.792937624759608,7.50447673721783,4.96768043862548,0.000481833489340115,0.00637880290586131,-0.152329466720277
"AF084186_s_at",-0.792162174423286,9.30570629053665,-5.2329225973046,0.000322329678816741,0.00476705776123447,0.262944770270717
"U23769_at",-0.791994021569655,8.81619619042509,-5.07530315151824,0.000408816070573135,0.00565593176882549,0.0173720749443973
"D90109_at",0.791513972921385,6.47262606741529,5.30991633724733,0.000287366151110149,0.00442051532101085,0.381608646237336
"AJ002940cds_s_at",-0.79141197720211,7.45278840180633,-4.92698043177312,0.000512948511325273,0.0066668152897357,-0.216929461396569
"D16308_at",-0.790789022449991,8.34461314027558,-4.5841873916216,0.00087702549752993,0.00993411916262311,-0.770011042103421
"X74800_at",-0.790126998382577,8.91496297179077,-4.79139086225638,0.000632921268333444,0.00784376653530419,-0.433795459070154
"M73808mRNA_at",0.789859102434883,8.19942821638334,4.95688434635487,0.00048988699924084,0.00645286782383256,-0.169442740057831
"D10938exon_s_at",-0.789442427047363,6.24222635822856,-5.52002394511352,0.000210971332209206,0.00358366168360772,0.701076472004971
"M19936_at",0.789118435158148,11.4002912881699,5.40185534084283,0.000250825702472333,0.00404956946064965,0.522187265127023
"X02610_g_at",0.787592530422925,10.8475879148217,5.74425014712571,0.000152749198682346,0.00286575735438371,1.0349542779571
"M80545_at",-0.785300939248438,6.40402009232545,-5.60747314266386,0.000185850021014089,0.003292571312372,0.832157865863836
"D78018_s_at",-0.785299010333133,6.72393290767804,-5.31791974716045,0.000283970541789647,0.00438360841615282,0.393894667363035
"rc_AA799469_at",0.783089999941755,8.22652150319445,5.69773259463611,0.000163238317386701,0.00301118229493832,0.966288148978954
"D84336_at",-0.781081750839808,7.3656746463312,-5.42471494121722,0.000242531161646804,0.00395924247000042,0.556950953868756
"rc_AA800844_s_at",-0.779252294370023,10.2847171532702,-5.41556588550779,0.000245815241914124,0.00399064264502284,0.543046620922039
"E03424cds_s_at",0.779002775930517,6.47821347913989,4.61060795711023,0.000841014576329293,0.00971140059989692,-0.72682389740655
"J05677mRNA_s_at",-0.778969128043311,8.51841664061153,-5.60131673499479,0.000187509630127619,0.0033130466576163,0.822966062499067
"M76110_s_at",0.778324705814828,8.56858202803285,4.58803951764395,0.000871675339776379,0.00992745696336057,-0.763708684024487
"rc_AA799645_at",-0.778168995877648,8.29480734645235,-5.4513497068182,0.000233233971968657,0.00387212399877776,0.597360322372021
"D86041_at",-0.777385216378086,8.48753451262676,-5.32858082205602,0.00027951356434872,0.00435299088974228,0.410246123659839
"X95986mRNA#1_f_at",0.776653332352351,6.87457219245684,5.41979733948946,0.000244290497183429,0.0039805779346611,0.54947890433625
"D32249_s_at",-0.776166043589342,8.98281480846613,-5.0639819033947,0.000415912286136881,0.00570922340985712,-0.000402597317295417
"X14254cds_g_at",0.773202843459771,12.5997473865284,4.93573445232556,0.000506080685273117,0.00661664777075506,-0.203015375492101
"X97772_at",0.772502730233172,7.15732971103323,5.63286397749896,0.000179169186121469,0.00322394615272557,0.870009454902576
"M58404_at",0.77202169406153,10.9284334369479,5.152498945717,0.000363729562854538,0.00517462231944547,0.138086659918604
"M99169_at",0.771570573879018,8.54072068656868,5.58830611622054,0.000191069226496043,0.00336917459707151,0.803522511827067
"S81353_s_at",0.769968214081745,12.118827505854,4.83589636334683,0.000590560807071277,0.00742334934488595,-0.362333257775867
"U44979_at",0.768290141025521,5.0180542173078,5.30564753531463,0.000289194929353856,0.00442543684066883,0.375051841047947
"X68199_at",-0.767791996354228,7.09388350424629,-4.68956100322381,0.000742407602842028,0.00880383355445688,-0.598313374541491
"rc_AA875582_at",-0.767636430145954,6.50454298750816,-4.69526091098248,0.000735778351841387,0.00876064102551064,-0.589067710087142
"rc_AA891760_at",0.767295796555759,8.7324442797466,5.23665678304102,0.000320533475866256,0.00475611138979289,0.268719607599223
"U94330_at",-0.766563211964119,6.63725550169194,-5.23174877828379,0.000322896513887458,0.00476705776123447,0.261129071295948
"U39943_s_at",-0.763967734442764,5.26308116056998,-4.90676031132955,0.000529192324337437,0.00681751575672783,-0.249109089724717
"rc_AA859740_at",-0.763100662989737,8.98248597949704,-4.885873844992,0.000546545122786288,0.00697975404266553,-0.282408744571011
"X13044_g_at",0.762494806247902,12.3402598058138,5.44293014132705,0.000236131169287015,0.00390775318672121,0.584597543545646
"rc_H31363_at",-0.762120051811827,8.68142277085031,-4.68063922928052,0.000752911042563116,0.0088924352530374,-0.612793832806696
"rc_AA800015_at",0.760606335134343,9.18109124431285,4.72436736833239,0.000702888008817446,0.00848382934099411,-0.541922649586348
"Y00826_at",0.759286385379204,7.75621062385147,5.72718576254047,0.00015651085465119,0.00290535656134138,1.00980139581295
"rc_AA859981_at",0.759259703783928,6.43755956085617,4.58285622401509,0.00087888238131837,0.00993411916262311,-0.772189377127142
"U77829mRNA_i_at",0.757781054638857,9.39164835399095,4.79461225390335,0.000629749724537077,0.00782528480381807,-0.428613813299483
"U87306_at",-0.757330686286699,7.96547018016262,-4.82375110492019,0.000601814358909721,0.00754325433624877,-0.381807949326176
"AB010119_g_at",0.756263889022224,7.7153058387051,4.86719237791593,0.000562577063923764,0.00713273139116024,-0.31224405585849
"rc_AA892251_at",-0.75605261295641,4.91560761537117,-5.42831001668141,0.000241253523343231,0.00394578688950689,0.5624112764754
"rc_AI231807_g_at",0.754569179170005,11.611846121279,5.32262178597397,0.000281995547476408,0.00437562783752846,0.401108453739685
"rc_AA818097_at",-0.754371568680149,6.5541821959069,-5.42829603632838,0.000241258477844608,0.00394578688950689,0.562390046263841
"D78359_at",-0.754170953007316,7.59447659806007,-5.10600097035918,0.00039021378703556,0.00546734253523231,0.0654770886997955
"rc_H31990_at",-0.753193545393304,8.11891668045147,-5.16943744119105,0.000354562252970002,0.00509770141157361,0.164460638763952
"J03960_at",-0.747865777926314,6.34160890863813,-4.89186089851791,0.000541510178004506,0.00693558669033719,-0.272857304084575
"E13573cds_s_at",0.747453897811106,6.79806163013905,4.68152303591997,0.000751863581358964,0.00889199953276549,-0.611358900214279
"AF087437UTR#1_s_at",0.7454175280368,9.69962359487578,5.64339870981203,0.00017647297214798,0.00318847162613978,0.885686735326313
"rc_AA875232_at",-0.744975815517025,8.24652841005928,-5.61667301668238,0.000183399129486192,0.00327328385466328,0.845883457254327
"M12492mRNA#1_at",-0.744490959246296,6.96088751446821,-4.65703081031666,0.000781469340778677,0.00916819830601544,-0.651162432521469
"rc_AA818951_at",0.743832779311106,10.7821629571534,5.01726740093331,0.000446606110686887,0.00602712755818086,-0.0739372020113747
"rc_AI234950_at",0.742293034781245,8.12089919860322,5.43793940763515,0.000237866584246001,0.00391945332355911,0.577027506001237
"M13234cds_f_at",-0.741649898779622,8.07096161792359,-4.59225533321168,0.000865859505044598,0.00992745696336057,-0.75681351419658
"Y09332cds_s_at",0.740949670636414,8.26434624618681,5.40203524399404,0.000250759257542516,0.00404956946064965,0.522461147575743
"X07467_at",0.740148138630303,9.74576454505977,5.37044343475433,0.000262719912427423,0.00419541290281106,0.474294413124866
"rc_AA799461_at",-0.739962885586065,8.2272128998165,-4.77276635856522,0.000651591970619354,0.00805246874926924,-0.463780853605901
"X97477_at",0.736200994019395,4.76792030470054,4.58330829698984,0.000878251307086332,0.00993411916262311,-0.771449574918262
"M23591mRNA#2_at",-0.735212117457509,9.94512602756065,-4.70612837586044,0.000723311727848998,0.00865907468482086,-0.571451913027355
"X57405_at",-0.732260675704912,7.57339795128492,-4.99886776788313,0.000459347678825949,0.00616128083230111,-0.102984990274775
"rc_AA955477_at",0.730542435560089,6.91426682245016,4.93340160530424,0.000507901302848174,0.00662077565001642,-0.206722278347718
"D15069_s_at",-0.728349435179561,6.67442379765165,-4.74253792105956,0.000683146223805823,0.00831397458266589,-0.512548623210905
"rc_AI639117_s_at",0.725588285979955,10.8320261366245,4.75794695159401,0.000666864187265773,0.00818373498431177,-0.487673674850841
"rc_AA866276_at",-0.724714996397605,11.0438377647616,-5.05977531751411,0.000418582221034014,0.0057280014974779,-0.00701167515589773
"L12016_at",0.723231350924953,9.84809541294339,5.17762698192772,0.000350218347352686,0.0050600512945095,0.177197419497304
"M33822_at",0.721764449767841,6.21421620849609,5.09074221420416,0.000399345303357781,0.0055598723484891,0.0415825657346405
"M38135_at",0.719723351011808,10.9172662309889,4.93032837825196,0.000510310338267323,0.00664233826392629,-0.211606804847609
"rc_AI639181_at",-0.718947396786445,5.58040098061376,-4.58306941244923,0.000878584719937544,0.00993411916262311,-0.771840498123826
"D88666_at",-0.718437260517671,8.1056465082342,-4.96958908584172,0.000480424369885469,0.00637594876413612,-0.149305697272871
"rc_AA800808_at",0.716679076231327,7.42717515097077,4.81808653379451,0.000607140464122986,0.00758839338610533,-0.390897890549367
"AB012231_s_at",-0.716249089209137,8.952379286338,-4.71950806006262,0.000708269102497045,0.00852538964825102,-0.549785599444205
"U05014_g_at",0.709756079487273,8.31880307253575,5.06928420875575,0.000412572627844872,0.00568724648597671,0.00792442745668431
"A03913cds_s_at",0.709099912225158,6.91028764852536,5.16382628009605,0.000357571572925489,0.00513258119114417,0.155728351683154
"rc_AA858590_at",-0.706399861088405,8.38465189867252,-5.09464015897469,0.000396991219677807,0.00554376500011152,0.0476897140868102
"AJ223355_at",0.705841353249767,6.92836114512555,5.06222947684454,0.000417022353608401,0.00571554468753944,-0.00315557663951349
"Z83757mRNA_g_at",-0.705661829571603,2.55217551362117,-5.14641647756793,0.000367082657411498,0.00520961339123189,0.128606001671384
"rc_AA892335_at",-0.704878944100869,4.45542170426674,-5.07109595153809,0.000411438037608824,0.00568327047554166,0.0107687733656121
"U38481_at",-0.702878459156635,6.25443144915936,-4.60708702905532,0.000845722064262962,0.00973092687130713,-0.732573959987098
"rc_AI104399_at",0.702367370028163,9.76846741489938,5.09741227595327,0.000395326027092751,0.0055301648845614,0.052031647291229
"AJ005046_g_at",0.701227051932509,7.47405351672234,5.01265679472367,0.000449763295697081,0.00605117314807128,-0.0812115674985465
"U70825_at",0.700382821777724,6.66898663853341,5.03582780556412,0.000434132506134601,0.00591320730879002,-0.0446838825730111
"D38101_s_at",-0.700288732419286,5.50292080490192,-5.12249059223778,0.000380594496969483,0.00535138619266501,0.0912619047465917
"D10587_g_at",0.699983752034045,7.21103783500375,5.14302132202495,0.000368968583892669,0.00522794616694298,0.123311726206841
"J04171_at",0.699943844661507,7.72744900789924,5.02705786875858,0.00043997966409928,0.0059559708683224,-0.0585002559216985
"D85435_at",-0.695342444252097,7.47254998378603,-5.06580614401071,0.000414760060425257,0.00570230276825287,0.00246273694918919
"S80456_s_at",-0.69453631608461,7.47172704345575,-5.07587635856531,0.000408460218118234,0.00565593176882549,0.0182715431552465
"rc_AA859827_at",0.692542407792296,7.03210613186591,4.73444797048401,0.000691862326255905,0.00837372298311652,-0.525621131639213
"U33472_at",0.686185952500525,9.18827265312184,5.18306021381205,0.00034736768827,0.00502711889652587,0.185642163045523
"J03969_at",0.684518254520043,9.13757748206172,4.65395855668354,0.000785269044652199,0.00920050908641104,-0.656160915944007
"rc_AA799729_g_at",-0.684219271531576,9.36169277624782,-4.7490837496726,0.000676178756910483,0.00826346789174353,-0.501977711193898
"M22366_at",0.680556718419846,7.79657525114193,4.63016309975207,0.000815367861211034,0.00948997594020621,-0.694917746941341
"J05122_at",0.678758347486964,10.2920174750374,4.7150346695871,0.0007132613462354,0.00855039044349493,-0.557026888606262
"rc_AI177096_at",0.675617621988026,10.7388173317968,4.94804167714304,0.000496589646383906,0.0065216302963164,-0.183471705221222
"U90725_s_at",0.672629257511055,9.81696886915397,4.85335391741683,0.000574773678180317,0.00725600228738682,-0.33437586339408
"U77038_at",0.672212499550631,7.95952849957921,4.58422250057481,0.000876976579106751,0.00993411916262311,-0.769953592600716
"L23148_g_at",-0.671146617785897,10.3411074664315,-4.81847354366794,0.000606774995311192,0.00758839338610533,-0.390276715804623
"U52102_at",0.670421942260464,6.79866580633753,4.61635982868664,0.00083338371145819,0.00966672225509167,-0.717433946972177
"M13979_at",0.66911013165918,7.42965182012933,4.79633925991511,0.00062805637093081,0.00781650354712899,-0.425836486052992
"M24105_at",-0.66901535050355,8.50578921058972,-4.85640257440781,0.000572062877181959,0.00723436440105467,-0.329497890368986
"U28927_at",0.667165955411241,6.19166338410398,4.89720857565361,0.000537054476204685,0.00688854567948254,-0.264330087733006
"rc_AI013074_at",-0.665649174378006,8.0799065946318,-4.70175205824266,0.000728304964188908,0.00870700459225299,-0.578543879221608
"X97772_g_at",0.663622917524444,6.05173697702748,4.66446212030086,0.000772358510102384,0.00908553814223379,-0.639077033519043
"S80376_at",-0.660588896407673,5.04722315695789,-4.91073642265877,0.000525955575505482,0.00679280570930083,-0.242776758912512
"U51583_at",-0.658952616528541,6.13367493304515,-4.96733455103904,0.000482089320649821,0.00637880290586131,-0.152877492798408
"rc_AA892086_at",0.65582322417943,10.1674537008531,4.64922984213704,0.00079115560395025,0.00924485811309197,-0.663856859858249
"U53706_at",0.65318171448016,7.22267753657299,4.61221380097907,0.000838876750624657,0.00969944353317524,-0.724201916064381
"X53949cds_at",0.648682868981974,7.54404362719913,4.6151760809983,0.000834948166140433,0.00966672225509167,-0.719366065308312
"S82229_s_at",-0.648069195064151,8.65459607920312,-4.65128757904052,0.000788588314832182,0.00922711247634092,-0.660507546933144
"D29766cds#1_s_at",-0.642371738184998,7.57789794491389,-4.6984449951778,0.000732102376393989,0.00872868402424216,-0.583904781701083
"U20283_at",0.641686864797012,6.71080398613365,4.85620574503152,0.00057223748416116,0.00723436440105467,-0.329812786605585
"M81231_at",0.635060365395042,12.0140958697707,4.590592920451,0.000868147945179815,0.00992745696336057,-0.759532194435399
